9987
25900 582 1
31900 439 1
21600 886 0
15700 129 0
32100 951 1
16600 474 0
24900 635 0
37917 794 0
25100 746 1
21500 107 0
25000 331 0
19700 905 1
31000 988 1
23500 781 1
22600 992 0
21800 150 1
22800 694 1
31600 388 1
19400 471 0
20100 103 1
27300 996 1
20100 103 1
33200 266 1
27400 942 1
27400 942 1
26400 720 0
37917 794 0
27800 953 1
32100 951 0
17100 345 1
25000 331 0
23000 418 1
26800 500 1
17600 578 1
19900 188 1
20600 108 1
29600 515 0
27900 101 1
12800 503 0
22900 678 1
13200 976 1
23000 418 1
28100 569 1
27800 953 1
21700 307 1
15500 989 1
21000 586 1
27400 942 1
14400 900 0
31500 257 1
26400 720 0
30200 278 0
20100 103 1
30400 285 1
12600 437 1
14200 951 1
16500 288 1
23300 606 0
20700 264 0
25600 763 0
29000 242 0
31600 388 0
26800 500 0
24200 683 1
12100 370 1
27900 101 1
18200 233 1
25600 763 1
21100 799 0
28900 133 0
17000 962 1
16200 599 0
29300 552 1
17200 681 1
23300 606 1
33000 944 0
14000 312 1
26700 893 0
17900 958 1
28700 703 1
32100 951 1
32400 543 1
32400 543 1
13100 947 1
23000 418 1
13000 149 1
30900 388 1
20400 645 1
26700 893 1
22800 694 1
32700 205 0
23200 513 1
15900 445 0
24200 683 1
33100 183 1
27800 953 1
21800 150 1
22200 165 1
17300 291 0
16000 994 1
14700 216 1
21500 107 1
25500 807 1
26400 720 1
47840 819 1
30600 369 0
23200 513 1
21400 563 0
27700 969 0
13600 531 1
25900 582 1
16300 714 1
18000 442 0
29600 515 0
27600 459 0
22900 678 1
24600 234 1
13500 912 0
12400 444 1
25000 331 1
28700 703 1
28300 416 1
23900 797 1
12900 871 0
17400 832 1
20500 151 1
25000 331 1
19600 198 1
26700 893 0
15900 445 0
26900 797 0
26500 891 0
22200 165 0
12700 877 0
28700 703 1
27500 987 1
12300 552 1
20400 645 0
24500 831 1
15200 299 0
12600 437 0
21700 307 0
14500 939 1
23200 513 1
16000 994 1
29100 368 1
30400 285 0
31000 988 1
20900 476 0
26700 893 0
13800 259 1
15900 445 1
28800 645 0
30100 319 1
29100 368 0
32100 951 1
30800 504 1
31500 257 1
33000 944 1
27600 459 1
26900 797 0
30900 388 1
28100 569 0
14100 701 0
21400 563 0
13700 116 0
19400 471 0
31000 988 0
15800 132 1
27000 915 0
21700 307 1
18900 218 0
18200 233 0
29700 213 1
21800 150 1
20900 476 0
20600 108 0
22900 678 1
26500 891 0
24600 234 1
29000 242 1
14400 900 0
15300 569 0
20000 231 1
28600 445 1
37917 794 0
15800 132 0
22100 829 1
33200 266 0
27900 101 0
16400 778 1
32000 520 0
51777 819 1
20100 103 0
12100 370 1
19900 188 1
16200 599 1
20300 530 1
22300 956 1
16400 778 0
26200 276 1
22700 483 0
28200 438 1
24500 831 1
32200 720 1
14200 951 0
18200 233 1
25600 763 1
24900 635 0
28200 438 1
17400 832 1
20000 231 0
24800 805 1
18400 711 1
29200 667 0
17300 291 1
27300 996 0
19200 550 0
18500 323 0
22300 956 1
32700 205 1
16500 288 0
15200 299 1
32700 205 0
13600 531 1
25400 767 1
18000 442 1
18300 196 1
51777 819 0
18000 442 1
17200 681 1
21300 372 0
29700 213 0
24700 589 1
17600 578 1
13800 259 1
25400 767 1
29700 213 0
15000 864 1
14100 701 0
22200 165 1
17600 578 1
23100 284 1
18300 196 1
17100 345 0
13000 149 0
33200 266 1
26400 720 1
18100 204 1
28200 438 0
17400 832 0
28800 645 0
23700 900 1
13600 531 0
21100 799 1
14300 543 0
25000 331 0
12600 437 0
15300 569 0
25200 570 1
28900 133 1
12300 552 1
17300 291 0
18300 196 1
33000 944 1
26100 446 0
23200 513 0
17800 119 0
15100 595 0
23400 685 1
29600 515 0
18100 204 0
33200 266 1
25500 807 1
17000 962 1
24100 278 1
24800 805 0
26700 893 1
23700 900 1
13400 457 1
18200 233 1
19400 471 1
12700 877 1
31300 358 1
27300 996 0
18700 902 1
30600 369 1
18700 902 1
26800 500 0
24400 398 1
31100 915 1
23700 900 1
16600 474 0
22900 678 0
13300 902 1
17200 681 1
33000 944 1
17700 125 1
51777 819 0
18500 323 1
51777 819 1
47840 819 1
28600 445 1
20200 143 1
31600 388 0
23000 418 0
20000 231 0
14000 312 0
19700 905 0
26900 797 1
21300 372 1
32900 186 0
25200 570 1
25900 582 0
25000 331 1
13200 976 1
13300 902 1
13600 531 1
19500 720 1
20400 645 1
12300 552 1
13600 531 0
15300 569 1
14400 900 0
21900 363 1
17000 962 1
16400 778 1
29500 468 0
29100 368 1
31600 388 0
16600 474 0
20100 103 1
24900 635 1
15000 864 1
24800 805 0
15100 595 0
24200 683 0
20500 151 1
30900 388 0
15300 569 0
22800 694 1
31700 282 1
19200 550 1
18400 711 0
32300 955 0
27700 969 0
17900 958 1
29500 468 1
25300 289 0
15400 852 0
30900 388 0
20900 476 0
32700 205 0
25800 334 1
29900 836 1
15600 451 1
25500 807 1
31300 358 1
22000 138 0
28800 645 1
14300 543 1
17200 681 0
21800 150 1
16900 612 1
24600 234 1
20600 108 1
27700 969 0
29200 667 0
23800 523 1
23200 513 1
24700 589 1
20800 962 1
15000 864 1
25900 582 0
15000 864 0
18900 218 1
18300 196 1
15400 852 1
31000 988 1
47840 819 0
20600 108 1
27600 459 1
22800 694 1
30300 105 1
14400 900 1
31200 135 0
28200 438 1
19600 198 1
29100 368 1
13200 976 1
22000 138 0
17400 832 1
31500 257 1
15500 989 0
30800 504 1
32800 670 0
20100 103 0
23900 797 1
13500 912 1
24400 398 1
16100 910 0
26400 720 1
28800 645 1
23600 920 1
47840 819 0
32900 186 1
21400 563 0
12700 877 1
16600 474 0
23300 606 1
17000 962 1
23200 513 0
23500 781 0
23400 685 0
15700 129 1
25000 331 1
30000 570 1
17400 832 0
24100 278 0
30400 285 1
25600 763 0
23300 606 0
31400 116 1
21400 563 1
29000 242 0
22600 992 1
16000 994 0
47840 819 1
24200 683 0
14400 900 1
16900 612 1
27600 459 1
29700 213 0
18100 204 1
30700 656 0
25100 746 0
23100 284 1
13100 947 0
15500 989 0
20500 151 1
32600 841 1
26000 687 0
17900 958 1
12700 877 1
26700 893 1
47840 819 1
51777 819 1
17700 125 0
32100 951 1
13000 149 0
13900 977 1
32000 520 1
17500 349 1
20900 476 1
15700 129 1
12300 552 1
21500 107 1
14400 900 0
29900 836 1
14000 312 0
26800 500 0
31200 135 1
20900 476 0
13900 977 1
25500 807 1
22300 956 1
22600 992 1
20700 264 0
21000 586 0
24400 398 1
20500 151 0
31300 358 1
12200 934 1
12200 934 0
13900 977 1
17400 832 1
24400 398 0
13100 947 1
28900 133 1
19200 550 1
23700 900 0
12200 934 1
32900 186 1
20400 645 1
19700 905 1
31900 439 1
17500 349 1
12900 871 0
32000 520 0
16400 778 0
20400 645 0
31800 629 0
22400 940 1
32000 520 1
31000 988 1
12700 877 1
21000 586 0
13700 116 1
37917 794 0
32100 951 0
23700 900 0
19600 198 1
18500 323 1
23500 781 1
16600 474 0
20400 645 1
31600 388 1
30300 105 1
17500 349 1
22600 992 1
16900 612 1
15800 132 1
12200 934 1
33100 183 0
23100 284 0
25700 860 0
21500 107 1
21100 799 0
28800 645 0
31400 116 1
23300 606 1
18600 370 1
33200 266 1
23100 284 1
25800 334 1
31200 135 0
30100 319 1
14200 951 0
25000 331 1
27400 942 1
21500 107 0
47840 819 1
18600 370 1
23300 606 1
15800 132 1
13800 259 0
20500 151 0
28300 416 0
32400 543 1
20900 476 0
47840 819 1
14900 677 1
24000 813 0
23400 685 0
29500 468 0
12800 503 0
17700 125 1
28900 133 1
17300 291 1
13500 912 1
12700 877 0
24100 278 1
22200 165 1
27100 504 1
16600 474 0
15500 989 0
24100 278 1
13100 947 0
26000 687 1
28900 133 1
31200 135 0
31900 439 0
16600 474 1
29500 468 1
17400 832 0
22800 694 0
13100 947 0
16600 474 0
29100 368 1
31800 629 1
20800 962 0
31000 988 0
22800 694 0
22100 829 0
26400 720 1
24300 463 0
20100 103 1
24300 463 1
12700 877 0
20500 151 1
25400 767 1
16600 474 0
21500 107 0
23600 920 0
30700 656 0
18900 218 1
24600 234 1
32200 720 1
13100 947 1
51777 819 0
19500 720 1
12400 444 1
23400 685 0
27700 969 1
31200 135 0
28800 645 0
13800 259 1
30400 285 1
27300 996 1
31800 629 1
30000 570 0
29300 552 1
15000 864 1
19500 720 1
30400 285 1
25600 763 1
25700 860 1
22100 829 1
15200 299 0
22400 940 0
27400 942 0
29000 242 1
26700 893 1
12400 444 0
31200 135 1
25600 763 1
24300 463 1
29700 213 1
28400 629 1
16400 778 1
16300 714 0
17900 958 1
22700 483 1
19600 198 0
20400 645 1
14500 939 1
13000 149 1
32800 670 0
21500 107 1
31000 988 1
28800 645 0
32600 841 1
15200 299 0
32000 520 0
18200 233 1
18900 218 0
21300 372 0
19500 720 0
20600 108 1
14300 543 0
29900 836 0
22400 940 1
22800 694 1
13200 976 1
16100 910 1
15300 569 1
27600 459 1
20800 962 0
13300 902 0
24000 813 1
30600 369 1
12700 877 0
30500 519 1
19500 720 0
16800 110 1
13300 902 1
14600 719 0
33100 183 1
23200 513 1
32400 543 1
18100 204 1
23900 797 1
30000 570 1
37917 794 0
22700 483 1
13200 976 1
18800 839 0
13300 902 1
24200 683 0
29900 836 1
29400 590 1
25400 767 0
20000 231 0
15200 299 1
25200 570 1
31100 915 0
18300 196 1
17000 962 0
19000 727 0
28600 445 0
13100 947 1
27200 251 0
16900 612 0
17400 832 1
27600 459 1
14300 543 1
26400 720 1
33000 944 1
21800 150 1
25900 582 1
13400 457 1
14100 701 1
21400 563 1
20600 108 1
51777 819 0
12700 877 1
15100 595 0
31800 629 0
29400 590 0
17800 119 1
19500 720 1
19000 727 1
31300 358 1
23900 797 0
19700 905 1
14800 943 1
23300 606 1
19900 188 1
24900 635 1
14300 543 1
21300 372 1
13800 259 1
21400 563 1
24500 831 1
19500 720 0
14500 939 1
32700 205 1
13600 531 0
23700 900 1
17800 119 0
25700 860 1
31900 439 1
13700 116 1
30100 319 0
24400 398 1
20400 645 0
13200 976 0
25700 860 0
23800 523 1
30400 285 1
22800 694 1
13500 912 0
29800 998 1
23200 513 0
24600 234 1
32900 186 0
14700 216 1
19400 471 1
30400 285 0
12600 437 1
26600 605 0
25100 746 0
15900 445 1
29800 998 1
22900 678 1
24800 805 1
31200 135 1
26200 276 0
16900 612 1
17400 832 0
22600 992 0
23800 523 1
30600 369 1
13400 457 1
28200 438 1
26200 276 0
26700 893 1
24500 831 1
13500 912 1
16100 910 0
23400 685 1
17300 291 0
23600 920 1
18100 204 1
19700 905 1
19100 771 1
19700 905 1
51777 819 0
12900 871 1
28500 852 1
31400 116 1
30600 369 1
22300 956 1
21400 563 1
23100 284 1
32900 186 1
22200 165 1
30600 369 0
47840 819 0
31900 439 1
31900 439 1
30700 656 1
28500 852 1
13900 977 1
22300 956 1
32800 670 1
30400 285 1
14000 312 0
27200 251 1
29600 515 0
26000 687 0
28200 438 1
29700 213 1
23700 900 0
19800 626 1
16900 612 1
47840 819 0
22400 940 0
30800 504 1
14300 543 1
15000 864 1
17700 125 0
14900 677 1
16900 612 0
32300 955 1
23300 606 0
21500 107 0
31700 282 0
29000 242 1
30300 105 0
32100 951 1
18900 218 1
20700 264 1
25900 582 1
23900 797 0
32700 205 1
24500 831 1
29400 590 1
13400 457 1
17900 958 1
15700 129 0
32100 951 0
16500 288 1
12500 850 0
19200 550 1
25200 570 1
25500 807 1
31400 116 1
26400 720 1
29400 590 1
24000 813 1
30200 278 1
32000 520 1
25500 807 1
20500 151 1
29200 667 0
29000 242 1
23600 920 0
12100 370 0
12700 877 1
26400 720 0
22100 829 1
13600 531 1
20900 476 0
26100 446 1
29600 515 1
26500 891 1
25500 807 0
19300 140 0
22600 992 0
30800 504 0
16500 288 0
27200 251 1
24800 805 1
21900 363 1
18100 204 1
26800 500 1
22200 165 1
22100 829 0
28300 416 1
16800 110 1
22600 992 1
16500 288 1
12500 850 0
16000 994 1
29400 590 0
13400 457 0
23600 920 1
29300 552 0
16300 714 1
18000 442 1
31800 629 0
25900 582 1
26800 500 1
22500 524 1
26000 687 1
24900 635 1
13400 457 1
25400 767 1
18000 442 0
16600 474 1
19800 626 1
24700 589 0
25800 334 0
29200 667 1
19700 905 0
23100 284 1
24900 635 1
13800 259 1
17200 681 1
25200 570 1
20600 108 1
21300 372 1
19100 771 1
18600 370 0
14800 943 1
20800 962 1
15400 852 1
20400 645 1
12900 871 1
13900 977 1
25600 763 1
23500 781 1
31500 257 1
30200 278 1
17300 291 1
24200 683 1
14400 900 1
29900 836 1
16100 910 0
19300 140 1
32500 445 1
26100 446 1
17500 349 1
31400 116 1
23700 900 1
25300 289 1
31100 915 1
12200 934 0
29500 468 1
30700 656 1
33200 266 1
18700 902 0
25000 331 1
16600 474 1
32500 445 0
13800 259 0
12400 444 1
27400 942 0
16700 537 1
21000 586 1
13500 912 0
25200 570 0
17200 681 1
23100 284 1
24600 234 0
30200 278 1
32900 186 1
29500 468 1
15400 852 1
16100 910 1
23600 920 0
31300 358 1
13500 912 1
28000 626 1
23000 418 0
19600 198 1
29600 515 0
26400 720 1
27500 987 0
24200 683 1
20200 143 1
23900 797 1
23200 513 1
15800 132 1
22600 992 0
24900 635 1
30400 285 1
21100 799 1
31700 282 1
23100 284 1
47840 819 1
15400 852 0
22600 992 1
32200 720 0
17000 962 1
31100 915 1
27500 987 0
27900 101 1
30200 278 0
24500 831 0
16900 612 1
28200 438 0
14700 216 1
30600 369 1
21900 363 1
29100 368 1
20500 151 1
20700 264 0
29300 552 1
21100 799 0
25200 570 1
28800 645 1
15100 595 1
18000 442 0
16000 994 0
13900 977 0
25800 334 0
27000 915 1
30900 388 0
16300 714 1
26700 893 1
29300 552 1
12300 552 1
29300 552 1
18800 839 1
25400 767 0
17900 958 1
29400 590 0
32600 841 1
27000 915 1
19600 198 0
25200 570 1
47840 819 1
18100 204 1
16400 778 0
29700 213 0
28700 703 1
18800 839 1
29000 242 1
20800 962 1
15400 852 1
19100 771 0
23800 523 1
24200 683 1
33100 183 0
21700 307 1
30400 285 1
31100 915 1
24500 831 1
22600 992 1
33100 183 0
30900 388 1
29000 242 1
27100 504 1
21800 150 0
23000 418 1
17100 345 0
32800 670 1
26100 446 1
31500 257 1
20800 962 1
17100 345 1
18800 839 0
14400 900 0
24400 398 1
14600 719 1
31400 116 0
18900 218 0
24500 831 0
17900 958 1
47840 819 1
25800 334 0
19400 471 0
31900 439 1
20000 231 1
18500 323 1
14500 939 0
20600 108 1
22500 524 1
14400 900 0
21100 799 0
47840 819 1
15700 129 1
33200 266 1
15800 132 0
32600 841 1
30800 504 1
28400 629 1
18600 370 1
30500 519 1
47840 819 0
28500 852 0
18300 196 1
21700 307 1
21800 150 1
26700 893 0
29700 213 1
32800 670 1
29000 242 1
23500 781 1
20400 645 0
23500 781 1
17100 345 1
28400 629 1
30600 369 1
15200 299 1
32500 445 1
20400 645 1
19500 720 0
31100 915 1
19700 905 1
17000 962 1
13800 259 1
17000 962 1
13000 149 1
16300 714 0
22500 524 1
26500 891 0
28600 445 0
24800 805 1
25000 331 0
18400 711 0
31800 629 1
32300 955 1
25900 582 1
14000 312 1
28100 569 1
26400 720 0
12800 503 1
25700 860 1
19100 771 1
26300 734 1
25200 570 1
26300 734 1
33000 944 1
20800 962 1
12600 437 1
47840 819 0
30500 519 1
26900 797 0
25300 289 0
26100 446 1
14900 677 0
15700 129 1
15200 299 1
17100 345 0
15000 864 1
15400 852 1
28400 629 1
20000 231 1
12500 850 0
29400 590 1
14400 900 0
26300 734 0
30500 519 1
19200 550 0
20200 143 1
19100 771 0
29100 368 1
24000 813 1
26300 734 0
19500 720 1
30400 285 1
26900 797 0
26800 500 0
12800 503 0
14700 216 0
12100 370 0
32400 543 1
30000 570 0
31400 116 1
16900 612 1
18200 233 0
19200 550 0
27000 915 1
30100 319 1
22100 829 0
33200 266 1
17800 119 0
16800 110 0
26400 720 1
15800 132 0
31600 388 0
13000 149 1
18500 323 1
29500 468 1
27500 987 0
25600 763 0
15700 129 1
24100 278 1
30900 388 0
16300 714 0
21000 586 1
23900 797 1
25300 289 1
15200 299 0
27800 953 1
25400 767 1
47840 819 0
19400 471 1
15800 132 1
22200 165 1
13000 149 0
29100 368 1
17100 345 0
27200 251 1
18600 370 1
15200 299 1
22500 524 0
21200 931 1
27300 996 0
26100 446 1
20700 264 0
14000 312 1
24800 805 1
29000 242 1
23000 418 0
17800 119 1
23700 900 0
15000 864 0
21500 107 1
21700 307 1
29500 468 0
21700 307 0
24200 683 0
25600 763 1
20700 264 0
20400 645 1
12400 444 1
15900 445 1
12800 503 0
19800 626 1
47840 819 0
21300 372 0
17800 119 1
18500 323 1
29000 242 1
18500 323 0
30200 278 1
31000 988 1
27100 504 0
18200 233 1
18300 196 0
14300 543 1
12500 850 0
22500 524 0
17000 962 1
30200 278 0
16000 994 0
17000 962 1
18500 323 1
23800 523 0
33100 183 1
27700 969 0
31600 388 0
26300 734 1
26500 891 1
29800 998 1
16900 612 1
28900 133 0
31300 358 1
26500 891 1
20200 143 0
30300 105 0
18000 442 0
25800 334 1
21500 107 1
28400 629 1
47840 819 0
23600 920 1
30200 278 1
18200 233 1
32100 951 0
31000 988 1
13000 149 1
13600 531 1
27400 942 1
20000 231 0
29200 667 0
30000 570 0
14500 939 0
25100 746 1
30100 319 1
12700 877 1
16000 994 1
16900 612 1
21400 563 0
19300 140 1
12300 552 1
21100 799 0
20000 231 0
31900 439 1
24600 234 1
31700 282 1
19300 140 1
13700 116 0
33000 944 1
24300 463 0
21400 563 0
13200 976 0
13700 116 1
17300 291 1
31700 282 1
28800 645 0
30000 570 0
13100 947 1
23700 900 1
26300 734 1
20100 103 0
13100 947 1
19900 188 1
30500 519 1
23100 284 1
30300 105 1
21100 799 0
20500 151 1
19500 720 1
30500 519 1
25400 767 0
30300 105 1
47840 819 1
23100 284 1
28500 852 0
25200 570 0
20000 231 1
12100 370 1
26000 687 0
15500 989 0
29700 213 0
31800 629 1
21400 563 0
15500 989 0
21500 107 0
20300 530 1
18300 196 0
29200 667 1
32200 720 1
16900 612 1
16800 110 1
18000 442 0
25400 767 0
31600 388 1
22400 940 1
15500 989 0
18400 711 0
12300 552 0
24500 831 1
26500 891 0
32600 841 1
14000 312 0
23200 513 1
21100 799 0
18200 233 1
13100 947 0
13300 902 1
16700 537 1
21900 363 1
16900 612 1
25600 763 1
29600 515 0
20300 530 1
14200 951 1
31900 439 1
32800 670 0
28900 133 0
19800 626 1
29900 836 1
26100 446 1
25700 860 1
20100 103 1
37917 794 0
14900 677 1
21400 563 0
17100 345 0
47840 819 1
20600 108 0
15600 451 0
20800 962 0
31300 358 1
31600 388 1
21200 931 1
22200 165 0
26600 605 1
26000 687 1
31500 257 1
20400 645 1
13800 259 1
32200 720 0
30800 504 1
30300 105 1
28700 703 0
13300 902 1
32400 543 1
32800 670 1
21100 799 1
18600 370 1
25300 289 0
21500 107 1
21100 799 0
13800 259 0
16500 288 1
23300 606 1
14200 951 0
20100 103 1
13200 976 1
31200 135 1
13800 259 1
27700 969 1
20500 151 1
13300 902 1
19500 720 1
16200 599 0
30100 319 0
12200 934 1
16100 910 0
17200 681 1
12900 871 1
17300 291 0
22200 165 0
22400 940 1
12900 871 1
30100 319 1
21100 799 1
15300 569 1
24300 463 1
51777 819 0
12500 850 1
16000 994 1
19900 188 0
27400 942 1
28400 629 1
14300 543 0
14100 701 0
31500 257 1
31100 915 1
14700 216 1
23600 920 1
19500 720 1
13800 259 0
14600 719 1
16300 714 1
12100 370 0
31400 116 1
18700 902 1
15200 299 0
19500 720 1
47840 819 0
28500 852 1
30200 278 1
13700 116 0
24100 278 1
29300 552 1
12600 437 1
30700 656 1
26300 734 1
17400 832 1
28100 569 1
20900 476 1
25600 763 0
17900 958 1
28900 133 1
14600 719 1
30200 278 0
14600 719 1
21800 150 1
24100 278 1
19300 140 1
19300 140 1
24900 635 1
30800 504 1
31600 388 1
25900 582 1
15800 132 1
18200 233 1
23300 606 1
24600 234 1
23300 606 0
22800 694 1
19700 905 0
25700 860 1
18400 711 0
31700 282 0
20600 108 1
24300 463 0
22800 694 1
23600 920 1
32700 205 1
27500 987 1
25100 746 0
23000 418 0
37917 794 0
20000 231 0
16900 612 1
13000 149 0
15600 451 1
15400 852 1
32600 841 1
13200 976 1
26500 891 1
18100 204 0
27100 504 1
29300 552 1
26100 446 1
14700 216 1
21200 931 0
27700 969 1
16500 288 0
13800 259 1
24100 278 1
12700 877 1
29600 515 0
12500 850 1
33200 266 0
16700 537 1
16000 994 1
29200 667 1
22700 483 0
32800 670 0
32900 186 0
16600 474 0
29900 836 0
13100 947 1
24300 463 1
12300 552 1
14100 701 1
30000 570 1
13900 977 1
21400 563 1
26600 605 1
21100 799 1
19000 727 0
18600 370 1
24900 635 0
15900 445 0
14800 943 0
16400 778 1
31400 116 1
18700 902 1
32700 205 0
15700 129 0
18700 902 0
31100 915 1
31600 388 1
25500 807 1
17700 125 1
21100 799 0
13600 531 0
15300 569 0
19000 727 1
17900 958 1
26800 500 0
14000 312 0
24300 463 1
19800 626 1
21000 586 0
26100 446 1
17600 578 1
19500 720 0
47840 819 0
27700 969 1
21200 931 0
26700 893 1
27500 987 1
30600 369 0
24700 589 1
15400 852 1
13300 902 1
24900 635 1
24700 589 0
25600 763 1
17400 832 0
20800 962 1
28700 703 1
24000 813 1
12100 370 1
21600 886 1
30500 519 1
25700 860 0
23700 900 0
18000 442 0
28900 133 1
14400 900 1
13500 912 1
25600 763 1
30800 504 1
25000 331 0
23200 513 0
32200 720 1
32000 520 1
20400 645 1
29700 213 0
22400 940 1
12300 552 0
16800 110 0
28700 703 1
31200 135 1
12500 850 1
32700 205 1
33000 944 1
17500 349 1
12200 934 0
21200 931 1
32300 955 1
13100 947 0
27100 504 1
16700 537 1
32200 720 1
27200 251 1
29600 515 1
16600 474 0
14400 900 1
29200 667 1
12800 503 1
32000 520 1
31100 915 1
28500 852 0
21400 563 1
29000 242 1
19700 905 1
20400 645 0
32700 205 0
18900 218 1
23900 797 1
19200 550 0
25700 860 0
28900 133 1
23000 418 0
27600 459 1
29200 667 0
15100 595 1
23000 418 1
19700 905 1
31700 282 1
15800 132 1
26600 605 0
25500 807 0
27800 953 1
21400 563 1
28900 133 1
30200 278 1
13800 259 0
15900 445 1
30400 285 1
31400 116 1
17500 349 0
37917 794 0
18700 902 1
22500 524 1
28400 629 0
18900 218 0
13400 457 0
12800 503 1
13100 947 1
26100 446 0
12400 444 1
22100 829 1
51777 819 1
21200 931 1
32800 670 1
19400 471 0
28600 445 1
51777 819 1
33200 266 1
12700 877 0
31800 629 1
26600 605 1
14400 900 1
27300 996 0
23700 900 1
31900 439 1
25900 582 0
24600 234 0
24600 234 1
17000 962 0
29200 667 1
18400 711 1
27100 504 1
30100 319 1
18400 711 0
25500 807 1
18800 839 1
16700 537 0
17800 119 1
29700 213 0
28500 852 1
25300 289 1
22000 138 1
23500 781 0
14100 701 1
21000 586 0
24000 813 1
31100 915 0
28500 852 1
23600 920 1
26400 720 0
33000 944 1
29900 836 1
27500 987 0
30900 388 1
47840 819 0
19100 771 1
17900 958 1
18800 839 1
25100 746 1
21500 107 0
27000 915 1
20900 476 1
13700 116 0
21000 586 1
16200 599 0
30900 388 0
27600 459 1
32100 951 1
12400 444 0
27200 251 0
19300 140 1
27100 504 0
31400 116 0
29900 836 0
21100 799 1
23700 900 0
33200 266 1
31500 257 0
16300 714 1
31700 282 0
25400 767 1
19100 771 0
29400 590 1
16400 778 1
24700 589 1
21200 931 0
15900 445 0
28100 569 0
29300 552 0
17700 125 1
25100 746 0
47840 819 1
13100 947 0
16500 288 0
26500 891 0
22700 483 0
25900 582 1
26400 720 0
24800 805 0
16400 778 0
23100 284 1
27100 504 1
17600 578 1
14300 543 1
20300 530 1
25700 860 1
24700 589 0
14500 939 1
16800 110 1
28500 852 1
29600 515 0
24700 589 1
16500 288 1
29000 242 1
30100 319 0
19800 626 1
33000 944 0
30000 570 1
21500 107 0
18800 839 1
21500 107 1
16800 110 0
20000 231 1
21300 372 0
33100 183 1
26000 687 0
28800 645 1
19800 626 1
17900 958 0
21800 150 1
14100 701 0
21300 372 0
31300 358 1
20000 231 1
13000 149 1
24100 278 1
22000 138 1
24200 683 1
29600 515 1
25900 582 1
24600 234 1
24900 635 1
24200 683 0
27400 942 1
26700 893 0
27500 987 1
28300 416 1
28200 438 1
31800 629 1
28900 133 1
30800 504 1
16000 994 1
24300 463 0
31600 388 1
18600 370 0
17600 578 1
21300 372 1
28200 438 1
27100 504 1
27800 953 1
17000 962 1
19800 626 0
19000 727 1
19800 626 1
22400 940 0
30200 278 1
12600 437 1
24100 278 0
15800 132 1
17000 962 0
28400 629 1
27400 942 0
33100 183 0
25400 767 1
30400 285 0
33100 183 0
32200 720 1
15500 989 0
25200 570 0
28200 438 1
25900 582 1
28500 852 1
31500 257 1
16900 612 0
21100 799 0
13900 977 1
26400 720 1
32100 951 1
31500 257 1
25100 746 1
27800 953 1
26700 893 0
24900 635 1
32000 520 1
27100 504 1
19200 550 1
23400 685 0
18800 839 1
22900 678 1
33000 944 1
31900 439 0
22500 524 1
16200 599 0
16800 110 1
31200 135 1
24400 398 1
19300 140 1
47840 819 1
29700 213 0
33000 944 0
23900 797 1
32100 951 1
23700 900 0
17900 958 0
17300 291 1
30100 319 1
20000 231 1
13500 912 1
13200 976 0
25300 289 1
30200 278 1
17700 125 0
20300 530 1
17100 345 0
23900 797 1
18300 196 1
20600 108 1
15300 569 1
28200 438 1
21600 886 0
32300 955 0
12300 552 1
23600 920 0
24100 278 0
21700 307 1
24600 234 0
22700 483 1
12600 437 0
16500 288 1
14900 677 1
31600 388 0
15800 132 0
31700 282 0
28200 438 1
18000 442 1
51777 819 0
21100 799 0
21900 363 0
30100 319 1
23900 797 1
32300 955 1
28100 569 0
26000 687 1
13200 976 1
12400 444 1
24700 589 1
18000 442 1
27900 101 0
24600 234 1
21900 363 0
13100 947 0
27900 101 0
22700 483 0
29500 468 1
29700 213 0
24900 635 1
31400 116 1
32300 955 1
21600 886 1
19700 905 1
22400 940 1
22600 992 1
22000 138 1
24300 463 1
13500 912 1
12200 934 1
21800 150 1
24200 683 0
18900 218 1
19900 188 0
32000 520 0
25800 334 1
20300 530 1
21900 363 1
21500 107 1
17700 125 1
19300 140 1
31700 282 1
24500 831 1
19600 198 0
14500 939 0
32900 186 1
14200 951 1
29500 468 0
29000 242 1
18900 218 1
51777 819 1
26800 500 1
32000 520 1
24200 683 1
20800 962 0
28200 438 0
19800 626 1
32900 186 0
22400 940 1
16300 714 0
23200 513 1
16400 778 0
13100 947 1
28400 629 1
28100 569 1
12500 850 0
12700 877 1
20600 108 0
32000 520 1
27800 953 1
13200 976 1
15500 989 1
26900 797 1
21100 799 0
23500 781 1
19700 905 1
13600 531 1
20100 103 0
30700 656 0
26000 687 0
26200 276 1
32100 951 1
31500 257 1
15000 864 1
14200 951 1
18300 196 1
18900 218 0
15800 132 1
21200 931 0
12800 503 1
16700 537 1
17800 119 0
12600 437 1
27700 969 1
51777 819 1
30200 278 1
13700 116 1
17900 958 1
14200 951 0
14900 677 1
16200 599 0
30100 319 1
26400 720 0
26100 446 1
25500 807 1
15100 595 1
17700 125 0
28000 626 1
31500 257 1
15200 299 0
28800 645 0
32400 543 1
13700 116 1
15800 132 1
17400 832 1
31600 388 0
16100 910 1
20600 108 0
12400 444 0
18400 711 0
29900 836 1
27200 251 1
18000 442 1
27800 953 0
32700 205 1
23700 900 1
26300 734 0
22500 524 0
18600 370 1
26700 893 1
25200 570 1
47840 819 0
18900 218 0
27300 996 1
21900 363 1
26000 687 1
22600 992 1
14400 900 0
23200 513 0
20700 264 1
21600 886 1
18400 711 1
25400 767 0
18300 196 1
15400 852 0
17500 349 1
22400 940 1
29900 836 0
28300 416 0
32200 720 1
22900 678 1
14200 951 0
33000 944 0
31000 988 0
31800 629 1
16200 599 0
24900 635 1
15400 852 1
15000 864 0
22600 992 0
16600 474 0
32500 445 1
23700 900 1
32500 445 0
27700 969 1
23200 513 0
31000 988 1
29900 836 0
13200 976 0
21800 150 0
33100 183 0
16600 474 0
20300 530 0
12300 552 0
26900 797 1
31800 629 0
21100 799 1
18800 839 1
14400 900 1
26100 446 1
20600 108 1
30100 319 1
25200 570 1
30000 570 1
13800 259 0
16700 537 1
16600 474 1
32500 445 1
19700 905 1
22000 138 0
32200 720 1
23800 523 1
18600 370 1
27700 969 1
22500 524 1
13400 457 1
26100 446 0
13300 902 0
29600 515 0
29200 667 1
19300 140 1
29800 998 1
19300 140 1
31600 388 0
30000 570 0
20800 962 1
12100 370 0
31400 116 1
26300 734 0
14700 216 1
28700 703 1
31800 629 1
18900 218 1
26900 797 0
28100 569 1
24400 398 1
16000 994 1
13900 977 1
22600 992 1
30800 504 1
12200 934 1
19000 727 1
16900 612 0
32900 186 0
24200 683 0
22900 678 1
32800 670 0
17000 962 1
32500 445 1
24100 278 1
23200 513 0
13100 947 1
14900 677 0
21900 363 1
29300 552 1
28200 438 1
19300 140 1
23300 606 1
13200 976 1
27700 969 1
25700 860 1
23800 523 0
37917 794 0
24300 463 0
18900 218 1
18900 218 1
21100 799 1
28000 626 1
28300 416 1
17400 832 1
26700 893 0
15400 852 1
28100 569 1
27400 942 1
18900 218 0
31400 116 1
32300 955 0
25000 331 1
27900 101 0
12900 871 1
23900 797 0
13600 531 1
21100 799 0
28400 629 1
28800 645 1
25400 767 0
18800 839 1
20200 143 1
18100 204 1
15700 129 0
20600 108 1
25700 860 1
20700 264 1
16000 994 0
20500 151 1
29800 998 1
32000 520 0
31600 388 1
25700 860 1
18500 323 1
27100 504 0
20200 143 1
13300 902 1
20300 530 1
23400 685 1
22800 694 1
27600 459 0
23500 781 1
18800 839 0
20900 476 1
17500 349 1
21600 886 1
32800 670 1
17400 832 1
32800 670 0
14300 543 1
24900 635 1
15000 864 1
14700 216 1
31900 439 0
29200 667 1
30300 105 1
13500 912 1
19900 188 1
18800 839 1
32400 543 0
18800 839 1
25200 570 1
23900 797 0
21300 372 1
19600 198 1
20100 103 1
29800 998 0
18400 711 1
19400 471 1
22700 483 1
25100 746 1
29300 552 0
32800 670 1
17100 345 0
21400 563 1
16300 714 1
19600 198 0
14000 312 0
12200 934 1
28300 416 1
17000 962 1
23100 284 1
26700 893 0
21200 931 0
32800 670 0
28600 445 1
27500 987 1
16700 537 1
22400 940 1
26700 893 0
23300 606 1
31700 282 0
32900 186 1
23100 284 1
22700 483 0
26300 734 1
27100 504 0
30800 504 1
25700 860 1
30100 319 0
17200 681 0
18500 323 1
26300 734 0
14700 216 1
25100 746 1
28400 629 0
12300 552 1
19900 188 1
30500 519 0
28200 438 1
24600 234 1
31300 358 1
21500 107 1
20400 645 0
32000 520 1
33200 266 1
27900 101 1
12500 850 0
21100 799 1
23900 797 1
17900 958 1
27600 459 1
51777 819 0
20600 108 0
18200 233 0
37917 794 0
30400 285 1
16600 474 0
20800 962 0
22000 138 0
32800 670 1
12500 850 1
27000 915 1
23600 920 1
14500 939 1
32500 445 0
14400 900 1
33100 183 1
31600 388 0
23200 513 1
32900 186 0
22100 829 1
26900 797 1
24500 831 1
21100 799 1
29800 998 1
24300 463 0
17500 349 1
14600 719 0
28000 626 0
18300 196 1
23100 284 1
20400 645 1
32900 186 1
37917 794 0
26400 720 1
32800 670 0
31200 135 0
32500 445 1
28100 569 0
12700 877 1
22900 678 0
23900 797 1
19600 198 1
32200 720 0
25900 582 0
13300 902 1
16800 110 0
23000 418 1
13900 977 1
16200 599 0
13100 947 1
16900 612 1
14600 719 0
19700 905 1
21400 563 1
15600 451 1
32800 670 1
23000 418 1
31700 282 1
21700 307 1
20800 962 0
20000 231 0
15400 852 0
13700 116 0
27500 987 0
29000 242 1
23000 418 1
26800 500 1
14400 900 0
19700 905 1
20600 108 0
12900 871 0
18500 323 0
30800 504 0
23100 284 0
16000 994 1
30100 319 1
17800 119 1
18000 442 1
25700 860 1
18800 839 1
12400 444 0
30000 570 1
51777 819 0
32400 543 1
16700 537 1
32500 445 0
25000 331 1
24200 683 0
26000 687 0
19800 626 1
17300 291 1
30700 656 0
28200 438 1
22000 138 0
31700 282 0
31500 257 1
20700 264 0
27400 942 0
25000 331 0
27000 915 0
23100 284 1
16200 599 1
21200 931 1
15100 595 1
13800 259 1
20300 530 1
31100 915 1
21100 799 1
24000 813 1
15700 129 1
14100 701 1
17000 962 1
13300 902 1
18300 196 1
28000 626 1
23700 900 0
30400 285 1
17100 345 1
22100 829 0
33000 944 1
16600 474 1
19900 188 1
23700 900 1
28400 629 0
15400 852 0
31400 116 1
12800 503 1
14900 677 0
21200 931 1
27300 996 1
14900 677 1
31700 282 1
19100 771 1
12400 444 0
32300 955 0
37917 794 0
13400 457 0
25100 746 0
28500 852 1
31800 629 0
13800 259 0
26100 446 0
29100 368 1
22300 956 1
24400 398 1
27100 504 0
18600 370 0
28600 445 0
25400 767 1
27900 101 1
51777 819 1
16300 714 1
17100 345 1
25100 746 1
18500 323 1
29600 515 1
23000 418 0
19300 140 0
30300 105 1
23000 418 1
31700 282 1
32900 186 1
29000 242 1
30400 285 1
24900 635 1
20700 264 1
17100 345 1
32400 543 1
17500 349 1
30300 105 0
28400 629 1
32400 543 0
31400 116 0
28500 852 0
12800 503 0
14000 312 0
24200 683 0
28200 438 1
17600 578 0
25400 767 0
27300 996 1
20700 264 0
32300 955 0
19600 198 1
15100 595 0
29100 368 1
17900 958 1
20400 645 1
20500 151 1
18800 839 1
20800 962 0
18400 711 0
51777 819 0
28900 133 1
31800 629 0
17700 125 1
29500 468 1
14200 951 0
19700 905 1
12500 850 0
16400 778 1
17300 291 0
13300 902 1
24700 589 1
19500 720 0
26100 446 0
25800 334 1
27800 953 1
27500 987 1
12400 444 0
20400 645 1
32700 205 1
28100 569 1
33100 183 1
13100 947 0
24600 234 0
32100 951 1
13900 977 0
16200 599 1
18900 218 1
14600 719 0
16800 110 1
29800 998 1
22900 678 0
27100 504 1
31100 915 1
31600 388 1
19700 905 0
29800 998 1
28900 133 1
12600 437 0
28900 133 1
25600 763 1
37917 794 0
31800 629 1
30600 369 1
22000 138 1
18900 218 1
20600 108 1
29100 368 0
15800 132 1
23000 418 1
18100 204 0
16300 714 0
13100 947 0
27100 504 1
23900 797 0
27700 969 1
26500 891 1
15300 569 1
14200 951 1
18100 204 0
32300 955 1
17400 832 1
18000 442 1
15500 989 1
32300 955 0
27300 996 1
19400 471 1
23400 685 1
20700 264 0
30500 519 1
13100 947 0
28100 569 1
26300 734 1
37917 794 0
12100 370 1
22500 524 1
29400 590 0
32600 841 0
12300 552 1
21200 931 1
27300 996 1
13000 149 1
37917 794 0
24400 398 1
27500 987 1
31100 915 0
18400 711 1
14300 543 0
15300 569 1
16600 474 1
25200 570 0
18600 370 0
20500 151 1
23300 606 1
20200 143 1
28000 626 1
26100 446 0
19000 727 0
27400 942 0
14200 951 0
25700 860 0
31100 915 0
14000 312 1
14600 719 1
20400 645 1
30600 369 0
13800 259 1
29900 836 0
32800 670 1
25600 763 1
47840 819 0
18800 839 1
20900 476 0
29800 998 0
13700 116 1
25500 807 0
27200 251 0
23200 513 1
14200 951 1
14500 939 1
12900 871 1
13100 947 1
19900 188 1
22500 524 0
19800 626 1
25800 334 1
12800 503 0
33000 944 0
14300 543 1
16700 537 0
31900 439 1
25200 570 1
12700 877 1
17600 578 0
23800 523 0
22000 138 1
16000 994 1
27900 101 0
16500 288 1
22900 678 1
23000 418 0
25700 860 1
21400 563 0
13700 116 0
29200 667 1
12600 437 1
22000 138 0
27700 969 1
19600 198 0
24600 234 1
25500 807 1
27000 915 1
24700 589 1
14900 677 1
19200 550 0
21900 363 1
17700 125 0
24700 589 0
31100 915 0
25900 582 1
20600 108 0
51777 819 0
28400 629 1
14900 677 1
17900 958 1
24600 234 1
30300 105 0
18000 442 1
25900 582 1
17300 291 0
18200 233 1
19700 905 1
13500 912 0
47840 819 0
51777 819 0
28600 445 0
12400 444 1
13700 116 1
19800 626 0
14300 543 1
17200 681 1
14900 677 1
33000 944 1
25100 746 1
27800 953 0
13800 259 1
27900 101 0
25900 582 0
25500 807 1
19000 727 0
27500 987 0
22900 678 1
29500 468 1
25100 746 0
17400 832 1
27600 459 0
15800 132 1
23600 920 1
32000 520 0
31700 282 1
13200 976 0
28600 445 1
13800 259 1
18000 442 1
20000 231 1
18200 233 0
18400 711 1
24000 813 0
31000 988 0
32500 445 1
28600 445 1
17600 578 1
22800 694 1
12100 370 0
21800 150 1
27100 504 1
31300 358 1
31900 439 1
12700 877 1
31700 282 0
17400 832 1
30000 570 0
15700 129 0
22400 940 1
33000 944 0
28700 703 1
23000 418 1
27000 915 1
23600 920 1
13900 977 1
26900 797 1
13500 912 1
28300 416 1
19700 905 1
27100 504 1
23000 418 0
16900 612 0
24400 398 1
21300 372 1
14900 677 1
32700 205 1
28100 569 1
23000 418 0
15900 445 1
15100 595 0
17600 578 1
17600 578 1
14800 943 1
20400 645 1
26300 734 1
31700 282 1
30000 570 1
26300 734 1
33100 183 1
12700 877 0
24400 398 0
29000 242 0
21200 931 0
23400 685 1
25200 570 1
21600 886 1
24100 278 1
19800 626 1
22700 483 1
22100 829 1
29500 468 1
32100 951 1
23600 920 1
15600 451 0
15800 132 0
12800 503 0
20200 143 1
22700 483 1
20200 143 1
20700 264 1
21700 307 0
30000 570 1
24300 463 1
51777 819 0
26500 891 1
30000 570 1
15600 451 1
29800 998 1
47840 819 0
26400 720 1
30200 278 1
16300 714 0
33000 944 0
18700 902 1
13100 947 1
24500 831 1
25600 763 1
26500 891 1
15100 595 1
18200 233 1
22400 940 1
13200 976 1
17500 349 0
13800 259 1
26100 446 1
51777 819 1
37917 794 0
22600 992 0
12200 934 0
20700 264 1
15300 569 1
25800 334 0
13100 947 1
13700 116 1
14800 943 0
19600 198 1
26000 687 0
15300 569 1
24700 589 0
27200 251 1
24000 813 1
30600 369 1
19300 140 0
12600 437 1
31000 988 0
18900 218 1
25500 807 1
24400 398 1
16500 288 0
18200 233 1
16800 110 0
31800 629 1
29800 998 0
28600 445 1
24500 831 0
12600 437 1
18600 370 0
13100 947 1
14100 701 0
21500 107 1
25800 334 1
23900 797 1
14900 677 0
13000 149 0
31700 282 1
20500 151 1
22100 829 1
24400 398 1
18600 370 0
14200 951 1
31000 988 1
13200 976 0
15900 445 0
13700 116 1
24900 635 1
12400 444 1
19300 140 1
32600 841 1
23900 797 1
28800 645 1
15800 132 1
21900 363 1
26100 446 1
14300 543 0
27100 504 0
28600 445 0
17100 345 0
27100 504 0
16200 599 1
32400 543 1
28400 629 1
20500 151 1
16700 537 1
32600 841 1
30600 369 1
28000 626 1
14700 216 1
22100 829 0
12200 934 1
20800 962 1
13300 902 0
18300 196 1
15700 129 0
17400 832 1
22900 678 1
25100 746 0
15200 299 0
13300 902 1
32600 841 1
18700 902 1
24800 805 1
13400 457 1
22500 524 1
23400 685 0
21500 107 0
22000 138 0
32000 520 1
26800 500 1
17800 119 0
24100 278 1
29200 667 0
19600 198 1
15500 989 0
25400 767 1
27200 251 0
24000 813 0
29400 590 1
29700 213 1
26000 687 1
23000 418 1
28100 569 1
18300 196 0
30500 519 1
12700 877 0
24600 234 0
20400 645 1
28800 645 1
12700 877 0
24200 683 0
29400 590 1
28300 416 1
24400 398 1
27300 996 1
14200 951 1
32700 205 1
22000 138 0
29100 368 0
23900 797 1
51777 819 1
33100 183 0
15500 989 0
17400 832 0
19700 905 1
32400 543 1
30400 285 0
12600 437 1
24100 278 0
13700 116 1
17900 958 0
17400 832 1
29600 515 1
14500 939 1
17900 958 1
14900 677 0
28400 629 1
25200 570 1
18700 902 1
32000 520 1
19200 550 0
22100 829 0
24800 805 0
14400 900 0
25300 289 1
13500 912 1
20200 143 0
32800 670 1
14300 543 1
22500 524 1
15800 132 0
21300 372 1
23100 284 0
21400 563 0
51777 819 0
14300 543 1
13700 116 1
27800 953 1
17000 962 1
15300 569 1
17200 681 1
20100 103 0
14900 677 0
33100 183 1
27600 459 0
14100 701 1
13700 116 0
30700 656 0
23100 284 0
30800 504 1
12600 437 1
15700 129 1
16800 110 1
27900 101 0
28100 569 1
25300 289 1
15100 595 0
26700 893 1
25000 331 1
20100 103 1
15300 569 1
17800 119 1
21400 563 1
31300 358 1
12800 503 0
13200 976 1
20400 645 1
31500 257 1
26500 891 0
19800 626 0
18100 204 0
31800 629 1
15800 132 1
16100 910 1
18300 196 0
28200 438 0
19200 550 0
32300 955 1
14500 939 0
18600 370 0
13800 259 0
32400 543 0
20900 476 0
14300 543 1
15300 569 1
24800 805 0
27200 251 0
21500 107 1
15800 132 0
23900 797 1
27300 996 1
31400 116 1
21900 363 1
21600 886 1
15800 132 0
30700 656 0
19300 140 0
14000 312 0
22100 829 1
20800 962 0
29900 836 1
14800 943 1
24500 831 1
17700 125 0
13000 149 0
26700 893 0
29400 590 0
20000 231 1
22100 829 1
21600 886 1
31100 915 0
12100 370 1
31700 282 1
28300 416 1
29500 468 1
29300 552 1
32000 520 1
23000 418 0
29100 368 1
27700 969 0
22600 992 0
26800 500 1
29000 242 1
14800 943 1
18500 323 1
14000 312 1
32700 205 0
15700 129 1
26200 276 1
22300 956 1
13400 457 0
16500 288 0
17600 578 0
23600 920 0
19300 140 1
32600 841 1
13100 947 0
15500 989 1
23800 523 1
28200 438 1
13800 259 1
31100 915 1
32900 186 1
21400 563 0
19700 905 0
30700 656 1
24600 234 0
20400 645 1
32400 543 0
12900 871 0
51777 819 1
15000 864 1
19700 905 0
16900 612 0
24700 589 0
14300 543 1
21900 363 1
29200 667 0
31800 629 1
19600 198 1
13400 457 0
28100 569 1
28700 703 1
28100 569 0
31600 388 1
24100 278 0
21100 799 1
28300 416 1
15900 445 0
37917 794 0
27800 953 0
18300 196 1
30400 285 1
19300 140 1
21900 363 0
29400 590 0
28800 645 0
12900 871 1
13700 116 1
26000 687 0
26500 891 1
20700 264 0
13600 531 1
31100 915 1
30600 369 1
23600 920 1
18900 218 1
32400 543 1
29200 667 0
22200 165 0
23400 685 1
24500 831 1
22000 138 0
28600 445 0
28900 133 1
31900 439 1
21800 150 1
20200 143 1
21300 372 1
31100 915 1
16700 537 1
25900 582 1
13700 116 1
30700 656 1
28200 438 1
19800 626 1
32600 841 1
32300 955 1
17600 578 0
18400 711 1
12100 370 1
26500 891 1
15000 864 1
27400 942 0
24900 635 1
13000 149 0
27100 504 1
14800 943 1
13700 116 0
12300 552 1
24500 831 1
13700 116 1
24100 278 1
15100 595 0
20400 645 0
29100 368 0
13100 947 1
13900 977 0
13600 531 1
29600 515 0
17900 958 1
16600 474 1
13300 902 0
33200 266 1
22600 992 1
27100 504 0
15000 864 1
22400 940 1
20800 962 1
17400 832 0
15500 989 0
33200 266 1
16300 714 1
26400 720 1
23900 797 1
19100 771 0
37917 794 0
13300 902 0
21800 150 1
15900 445 1
29300 552 0
20200 143 1
30300 105 0
15400 852 1
30500 519 0
33200 266 1
26000 687 1
24600 234 1
15300 569 0
31800 629 1
12200 934 1
13000 149 0
27400 942 1
22600 992 0
15200 299 0
12900 871 1
33100 183 1
21900 363 0
19200 550 1
22800 694 1
47840 819 1
21900 363 0
20100 103 1
15300 569 1
13500 912 1
22500 524 1
21200 931 0
13600 531 0
31100 915 1
25600 763 0
33200 266 1
22800 694 1
31000 988 1
18700 902 0
29300 552 1
15700 129 1
21300 372 1
12100 370 1
16200 599 1
23000 418 0
17000 962 0
29800 998 1
26100 446 0
30200 278 1
12600 437 0
18300 196 1
24800 805 0
19400 471 0
21000 586 1
13600 531 1
15200 299 0
15300 569 1
24300 463 1
19500 720 1
22800 694 1
32500 445 1
29800 998 1
18600 370 1
27900 101 1
24600 234 1
25000 331 0
26900 797 0
23500 781 0
14700 216 1
15800 132 1
27500 987 1
12200 934 1
29000 242 1
24300 463 0
22600 992 0
29100 368 1
33000 944 0
22300 956 0
13200 976 1
29100 368 1
18900 218 1
27600 459 1
21500 107 1
29000 242 1
29300 552 1
17800 119 1
20200 143 0
21000 586 0
13300 902 1
14100 701 1
27000 915 0
14700 216 0
51777 819 0
16400 778 0
12800 503 1
21700 307 1
24200 683 1
30700 656 1
30000 570 0
23400 685 0
16100 910 0
13200 976 1
30700 656 1
27200 251 1
20100 103 1
12700 877 0
28300 416 1
19200 550 1
27200 251 1
20800 962 1
26200 276 1
16200 599 1
15600 451 0
27100 504 0
32000 520 1
28500 852 1
19700 905 1
31200 135 1
26700 893 0
24700 589 1
19300 140 1
20200 143 1
16800 110 0
19100 771 1
13000 149 1
12800 503 1
27300 996 1
13300 902 0
25500 807 1
16700 537 1
30000 570 1
31600 388 1
13400 457 1
24300 463 1
22500 524 1
25400 767 1
22200 165 1
16800 110 0
20300 530 0
20600 108 1
12300 552 1
32500 445 1
27200 251 0
33200 266 1
22100 829 1
13900 977 1
51777 819 0
14100 701 1
37917 794 0
19200 550 1
16000 994 1
19700 905 1
20100 103 1
30800 504 0
27000 915 1
24900 635 1
23100 284 0
51777 819 0
13900 977 1
13600 531 1
20700 264 0
32100 951 0
15100 595 1
21100 799 1
21000 586 1
26900 797 0
25100 746 1
32500 445 1
26600 605 0
17300 291 1
29500 468 1
33100 183 0
18900 218 0
27000 915 1
15200 299 1
14700 216 1
17200 681 1
31400 116 1
33000 944 1
28100 569 1
51777 819 0
20700 264 1
13500 912 0
30800 504 1
12800 503 1
26500 891 1
22200 165 1
23300 606 1
15300 569 1
12500 850 1
33100 183 0
17700 125 1
19500 720 1
21800 150 1
23800 523 1
18700 902 0
14300 543 0
32400 543 0
30900 388 1
23400 685 0
15800 132 1
25600 763 0
14700 216 1
18200 233 1
23800 523 1
16600 474 0
21700 307 0
30900 388 0
20200 143 1
14800 943 1
24600 234 0
30300 105 0
31600 388 1
12400 444 1
30600 369 1
13200 976 0
24400 398 1
14400 900 0
32400 543 1
28300 416 0
20200 143 1
33200 266 0
23900 797 1
15500 989 1
28500 852 0
32600 841 1
12200 934 1
28300 416 0
21800 150 1
30300 105 0
25400 767 1
30300 105 0
28000 626 1
13100 947 1
17700 125 0
24000 813 1
13600 531 0
26500 891 1
26400 720 1
17500 349 1
16300 714 1
19600 198 0
29800 998 0
16100 910 1
24000 813 1
30000 570 0
14700 216 1
21200 931 1
18000 442 1
30900 388 0
14100 701 0
26800 500 1
16900 612 0
13700 116 0
16800 110 1
21000 586 1
30300 105 0
27000 915 1
20800 962 1
16100 910 1
21700 307 1
32300 955 1
28900 133 1
20800 962 1
32600 841 0
26700 893 1
14000 312 0
22200 165 1
14000 312 1
14600 719 1
47840 819 1
26300 734 1
16600 474 1
32300 955 1
15700 129 0
23200 513 1
18300 196 0
33000 944 0
29700 213 0
13000 149 0
21300 372 1
32600 841 1
14400 900 1
16000 994 1
20200 143 0
14400 900 0
21200 931 1
25300 289 0
24900 635 0
26700 893 0
31400 116 0
22900 678 0
26400 720 0
25700 860 0
12100 370 1
14800 943 0
15100 595 0
31700 282 1
28700 703 1
17900 958 1
16700 537 1
25400 767 1
31100 915 0
17800 119 0
26900 797 0
30400 285 1
30400 285 1
14100 701 0
22200 165 1
23600 920 1
33200 266 1
32200 720 1
27400 942 1
47840 819 1
27700 969 1
17300 291 0
18900 218 1
31900 439 1
23900 797 0
17600 578 1
27300 996 1
28100 569 1
25900 582 1
25100 746 1
30500 519 0
14200 951 0
26300 734 1
18600 370 1
27000 915 0
22200 165 1
13800 259 0
24400 398 1
21400 563 1
47840 819 0
22500 524 1
18700 902 1
14100 701 0
25700 860 0
16000 994 0
22800 694 1
32400 543 0
18200 233 1
29400 590 1
27200 251 0
14300 543 0
29600 515 1
29200 667 1
30800 504 0
31800 629 0
28500 852 1
21400 563 1
25200 570 0
30600 369 1
20800 962 1
21300 372 0
18400 711 1
17300 291 0
18600 370 0
31400 116 1
24400 398 1
30600 369 1
29500 468 1
30700 656 1
19000 727 1
19900 188 1
28400 629 1
22100 829 0
20000 231 0
21000 586 1
51777 819 1
19900 188 1
18900 218 1
12500 850 1
21700 307 1
13800 259 0
12400 444 1
51777 819 1
20800 962 0
31300 358 0
32600 841 1
12300 552 0
14800 943 1
23900 797 1
30500 519 1
27200 251 1
28900 133 0
18900 218 1
21300 372 0
15300 569 1
28900 133 1
25000 331 1
25500 807 1
30900 388 1
23900 797 1
29600 515 0
24300 463 1
24300 463 1
19200 550 1
29300 552 0
20700 264 1
26300 734 1
27100 504 1
26800 500 0
25500 807 0
24300 463 1
13900 977 0
17700 125 1
19500 720 1
29500 468 0
26000 687 1
22000 138 1
13900 977 0
32500 445 0
24900 635 1
20300 530 1
32600 841 1
33100 183 1
16400 778 1
29900 836 1
12900 871 0
31100 915 0
19300 140 1
19300 140 1
31100 915 0
17700 125 0
25100 746 0
22200 165 1
19700 905 1
26700 893 0
16500 288 1
31600 388 1
31400 116 1
26100 446 1
21200 931 1
19700 905 1
12700 877 0
26300 734 1
21400 563 0
30700 656 0
13100 947 1
31600 388 0
22100 829 1
14400 900 1
28300 416 1
18700 902 1
27500 987 1
51777 819 0
15900 445 1
13400 457 1
24000 813 1
13100 947 1
27800 953 1
29000 242 1
12600 437 0
51777 819 0
32300 955 1
24600 234 1
31000 988 1
17400 832 1
19600 198 1
17100 345 0
26600 605 1
29100 368 1
21400 563 1
13300 902 1
32700 205 1
13400 457 1
31300 358 0
13500 912 0
28800 645 1
31900 439 1
12800 503 1
18400 711 1
13700 116 0
12500 850 1
31600 388 0
23300 606 1
19900 188 1
14700 216 1
22500 524 1
20700 264 0
30400 285 1
27200 251 1
30100 319 1
21700 307 1
30300 105 1
16400 778 1
16000 994 1
25100 746 1
20500 151 0
22600 992 1
22800 694 1
15900 445 1
14400 900 1
19500 720 0
14300 543 1
16300 714 1
32600 841 0
29400 590 0
12500 850 1
12600 437 0
23700 900 1
17500 349 1
21100 799 0
28800 645 1
32300 955 1
14800 943 1
29800 998 0
32800 670 1
20200 143 1
26800 500 0
47840 819 1
20300 530 1
30700 656 1
30100 319 1
21900 363 1
30400 285 1
24900 635 1
31000 988 0
31000 988 1
17500 349 1
47840 819 0
32500 445 0
15100 595 1
17900 958 1
18100 204 0
16900 612 1
21600 886 0
51777 819 0
15200 299 1
30800 504 0
27100 504 1
15700 129 0
26000 687 1
26400 720 0
27800 953 1
21600 886 1
18700 902 0
14500 939 1
22300 956 1
16800 110 1
14500 939 0
22700 483 0
30600 369 1
33000 944 1
25900 582 1
29900 836 0
27200 251 1
28700 703 1
12600 437 1
31200 135 1
19800 626 1
26000 687 1
30900 388 0
16100 910 1
21500 107 1
23700 900 0
17400 832 1
29400 590 1
14700 216 1
30500 519 1
32600 841 1
16800 110 1
13000 149 1
26400 720 1
21400 563 1
15500 989 0
27200 251 1
31900 439 0
20600 108 1
28400 629 0
14300 543 1
32300 955 1
12500 850 0
15000 864 0
17500 349 0
20600 108 0
33200 266 1
29600 515 1
32100 951 1
25800 334 1
28400 629 0
24600 234 0
28300 416 1
33100 183 1
23300 606 0
22300 956 1
19500 720 1
22800 694 1
30100 319 0
24100 278 0
27600 459 1
17300 291 1
24600 234 1
32400 543 1
17900 958 1
13700 116 1
17900 958 1
18100 204 1
18700 902 1
20300 530 1
21900 363 0
19500 720 0
12500 850 1
28500 852 1
18400 711 1
28000 626 1
23600 920 1
32600 841 0
22000 138 0
13500 912 1
14900 677 1
23800 523 1
13700 116 0
30000 570 1
27900 101 1
27900 101 0
19300 140 1
16100 910 0
14200 951 0
47840 819 0
26400 720 0
28700 703 0
13300 902 1
13600 531 1
16600 474 1
17300 291 0
27900 101 1
25500 807 1
23900 797 1
15400 852 1
16800 110 0
12600 437 0
27100 504 0
32500 445 1
30100 319 0
20100 103 0
13000 149 1
13000 149 0
29200 667 0
23400 685 1
15400 852 0
29700 213 1
32000 520 0
20100 103 1
23100 284 1
27400 942 1
21500 107 0
22300 956 0
20600 108 0
32100 951 1
27000 915 1
22500 524 1
16500 288 0
30300 105 0
24100 278 1
31800 629 1
18300 196 1
23500 781 1
23400 685 0
19000 727 1
13600 531 1
14700 216 1
31300 358 1
27700 969 1
13500 912 1
21900 363 1
23900 797 0
32700 205 1
12200 934 0
12900 871 1
20900 476 1
15700 129 1
31600 388 1
31300 358 0
27600 459 1
19800 626 1
13900 977 1
32700 205 0
31100 915 1
27600 459 0
27600 459 0
29300 552 1
19300 140 0
13600 531 1
29900 836 0
28100 569 1
33000 944 0
32800 670 1
20500 151 0
22400 940 0
26100 446 0
19500 720 1
19400 471 1
21600 886 0
30600 369 1
29900 836 0
21700 307 1
12800 503 1
19000 727 0
12400 444 1
13600 531 1
24100 278 1
29100 368 0
18600 370 1
13200 976 0
23000 418 0
15300 569 0
28900 133 0
18900 218 1
26900 797 0
15700 129 0
24900 635 1
19200 550 0
22600 992 0
25100 746 1
12600 437 0
12800 503 1
27900 101 1
15800 132 1
31000 988 1
27300 996 1
24300 463 1
16400 778 0
22500 524 1
23600 920 1
20700 264 1
27300 996 0
51777 819 1
30800 504 0
14400 900 0
13000 149 1
23500 781 0
28900 133 1
26300 734 1
28100 569 1
29000 242 1
25300 289 0
18200 233 0
31600 388 1
15900 445 1
27400 942 0
17600 578 1
20200 143 0
18600 370 0
25900 582 1
14100 701 1
30000 570 1
14200 951 1
15100 595 1
19200 550 1
28900 133 1
21000 586 0
21300 372 1
19400 471 1
25700 860 1
26000 687 1
33200 266 0
14900 677 1
18500 323 1
26100 446 0
25800 334 1
17800 119 1
16200 599 1
28700 703 1
25000 331 1
16900 612 1
22100 829 1
13200 976 0
17500 349 1
28200 438 0
12800 503 1
31900 439 0
17200 681 1
25500 807 1
24800 805 1
26000 687 0
32300 955 0
25500 807 1
29900 836 0
25800 334 0
16000 994 1
12700 877 0
27500 987 1
13700 116 0
25300 289 1
24800 805 1
30400 285 0
32600 841 1
30600 369 0
25300 289 0
17900 958 0
12800 503 0
14800 943 1
29500 468 1
21000 586 1
17400 832 1
22100 829 1
30000 570 0
28900 133 1
16300 714 1
15900 445 1
20400 645 1
16100 910 0
13200 976 0
18200 233 1
29900 836 1
25600 763 1
13800 259 1
25000 331 1
13700 116 1
32300 955 1
25300 289 0
37917 794 0
51777 819 1
20100 103 1
17000 962 1
29000 242 1
18600 370 1
21200 931 0
47840 819 1
21800 150 0
21100 799 0
15000 864 1
27800 953 0
28900 133 1
26600 605 1
15900 445 1
17200 681 1
19700 905 0
16000 994 0
29100 368 1
24400 398 0
16600 474 1
14900 677 0
19100 771 0
32500 445 1
27200 251 1
15200 299 1
25600 763 1
15600 451 1
14300 543 1
23600 920 0
27300 996 0
17100 345 0
47840 819 1
17900 958 0
21600 886 0
24200 683 0
26400 720 0
26900 797 0
30500 519 1
31200 135 0
20100 103 1
22000 138 1
24100 278 1
15800 132 1
18900 218 1
20400 645 0
32100 951 0
29700 213 0
23300 606 0
30400 285 0
17000 962 0
17800 119 0
21800 150 1
14500 939 1
23000 418 1
21400 563 0
19000 727 0
18600 370 0
28100 569 1
51777 819 1
37917 794 0
21100 799 1
26000 687 0
13300 902 0
15700 129 0
21400 563 1
21000 586 1
23400 685 1
16600 474 0
25600 763 0
17100 345 1
22000 138 1
29400 590 1
27100 504 1
25500 807 1
17000 962 0
21200 931 1
31700 282 1
31300 358 0
23700 900 0
22100 829 0
29000 242 1
12900 871 0
15600 451 0
29600 515 0
31200 135 0
21500 107 1
25600 763 1
20600 108 1
29500 468 0
20600 108 0
26400 720 0
27700 969 1
25200 570 1
16400 778 1
24800 805 1
18100 204 1
31500 257 1
24900 635 1
17600 578 0
28800 645 0
17700 125 1
22000 138 1
15100 595 1
12500 850 0
15300 569 1
23800 523 1
15700 129 1
29900 836 1
18600 370 1
13300 902 0
24100 278 1
26900 797 1
29400 590 0
31100 915 1
23000 418 1
13300 902 1
25200 570 1
22800 694 0
23700 900 1
32800 670 1
15600 451 0
15000 864 1
15500 989 1
12400 444 0
23200 513 0
14700 216 1
28800 645 0
15800 132 0
17000 962 0
13600 531 1
22500 524 1
19100 771 1
30500 519 1
32700 205 1
18200 233 1
15100 595 1
28000 626 0
29600 515 1
14000 312 1
26100 446 1
18500 323 0
15800 132 0
32200 720 1
16000 994 0
24100 278 0
26000 687 0
29500 468 0
18800 839 1
19200 550 1
19300 140 1
22800 694 1
30100 319 1
20800 962 0
26800 500 1
26900 797 1
28000 626 0
29200 667 0
23800 523 1
30100 319 1
12400 444 0
29700 213 1
26800 500 1
22800 694 1
51777 819 0
12100 370 1
30300 105 0
27900 101 1
17000 962 1
25900 582 1
17200 681 0
22700 483 0
25900 582 1
16400 778 1
22200 165 1
24600 234 1
16700 537 1
17600 578 0
13000 149 1
33100 183 0
16000 994 0
28600 445 1
32800 670 1
15100 595 1
30300 105 1
32900 186 0
32500 445 1
25000 331 1
47840 819 0
17900 958 1
47840 819 1
16300 714 0
18400 711 1
18900 218 1
23200 513 0
17100 345 0
28000 626 0
19900 188 1
22500 524 1
15500 989 1
23500 781 0
29600 515 1
20400 645 1
13400 457 1
20900 476 1
17000 962 1
21200 931 1
27600 459 0
29900 836 1
12900 871 1
32600 841 1
26100 446 0
31400 116 1
31200 135 0
17200 681 1
12400 444 1
28400 629 0
19800 626 1
33100 183 0
13900 977 1
15500 989 0
29400 590 0
13500 912 1
22800 694 1
23200 513 1
12800 503 0
17400 832 1
15300 569 1
32400 543 1
25800 334 1
20100 103 0
19400 471 0
26000 687 1
19200 550 1
29900 836 1
29700 213 1
31100 915 0
20800 962 1
19600 198 1
29900 836 1
17600 578 0
19400 471 1
26800 500 1
28600 445 0
18300 196 1
23700 900 1
12600 437 1
13400 457 0
16900 612 0
26100 446 0
47840 819 0
13200 976 1
18400 711 0
28000 626 1
19000 727 0
14000 312 1
19400 471 0
31000 988 1
28400 629 0
19800 626 1
14700 216 0
25100 746 1
15000 864 0
33100 183 1
17200 681 1
12800 503 1
25800 334 0
12500 850 1
30000 570 1
12500 850 1
27700 969 1
16900 612 1
30300 105 0
32400 543 1
26100 446 0
28800 645 1
28400 629 1
31300 358 1
23400 685 1
25000 331 1
15700 129 1
30200 278 1
26100 446 1
28200 438 0
31600 388 1
14400 900 1
27200 251 0
25400 767 1
13300 902 1
13600 531 1
15700 129 0
14700 216 0
29400 590 0
47840 819 0
18700 902 0
17800 119 1
29300 552 1
21700 307 1
14100 701 1
21800 150 1
13300 902 1
22200 165 1
24000 813 0
25300 289 1
12900 871 0
19100 771 1
27300 996 1
16300 714 1
17300 291 0
18200 233 1
30800 504 0
22800 694 0
24400 398 1
23900 797 0
29000 242 1
24900 635 0
26100 446 0
15400 852 1
30800 504 1
14600 719 1
12900 871 1
21200 931 0
27800 953 1
19100 771 1
30100 319 1
19700 905 0
24900 635 1
33200 266 0
30100 319 0
24900 635 0
27200 251 0
21400 563 1
12400 444 1
16300 714 0
12200 934 1
17100 345 1
31800 629 1
22100 829 1
18400 711 1
13600 531 1
26400 720 1
47840 819 0
51777 819 0
24700 589 0
23900 797 0
15300 569 1
25800 334 1
13100 947 0
33200 266 1
22400 940 0
14800 943 1
24000 813 0
21000 586 0
15700 129 1
20900 476 0
26900 797 1
18800 839 0
23100 284 1
29300 552 1
13200 976 1
26600 605 1
24000 813 1
15500 989 1
23600 920 1
21800 150 1
30700 656 0
15900 445 1
31600 388 1
15900 445 1
27600 459 0
27700 969 0
16700 537 1
15600 451 1
12200 934 1
32100 951 1
20700 264 0
15200 299 0
32700 205 1
17300 291 1
25900 582 0
18500 323 1
22300 956 1
33200 266 1
23800 523 1
12900 871 1
30200 278 1
17000 962 1
22500 524 1
25200 570 0
30900 388 1
14400 900 1
12400 444 1
33000 944 1
16100 910 1
31900 439 1
13000 149 0
28400 629 1
15900 445 0
25300 289 0
14600 719 1
28600 445 1
20500 151 0
28800 645 0
32300 955 1
20700 264 1
12400 444 1
23900 797 1
19800 626 1
20500 151 1
18600 370 1
24300 463 0
29000 242 1
21900 363 0
27000 915 1
18200 233 1
25000 331 0
23100 284 0
13700 116 1
19800 626 1
21700 307 1
12100 370 1
31700 282 0
13100 947 0
22700 483 1
17000 962 1
26000 687 1
28500 852 1
17800 119 1
24300 463 0
19900 188 0
25100 746 0
28300 416 0
31000 988 0
24700 589 1
23000 418 0
22600 992 1
13600 531 1
14800 943 1
19700 905 1
25600 763 0
24200 683 1
31200 135 1
23400 685 1
13400 457 1
14300 543 0
24600 234 1
31200 135 1
28800 645 0
24900 635 0
32400 543 0
25800 334 1
26200 276 0
31700 282 1
18500 323 1
28000 626 1
22900 678 0
22600 992 1
13500 912 1
32800 670 1
25700 860 0
29800 998 0
32300 955 1
25600 763 1
17500 349 1
12800 503 0
29500 468 1
29100 368 1
24900 635 1
24400 398 0
24800 805 1
19500 720 0
26600 605 1
12700 877 1
16200 599 0
25100 746 0
15600 451 0
21800 150 0
25900 582 1
29800 998 0
29700 213 1
18200 233 1
15000 864 1
14800 943 0
25600 763 1
23700 900 1
23400 685 1
16000 994 1
21800 150 0
22200 165 0
15200 299 1
14000 312 1
26100 446 1
15300 569 1
23400 685 1
14800 943 0
23600 920 0
22000 138 1
19100 771 0
15000 864 1
23400 685 1
24100 278 1
14000 312 0
19500 720 0
24300 463 0
28100 569 1
12200 934 1
30400 285 1
14800 943 1
25300 289 1
16400 778 0
27000 915 1
21000 586 0
12400 444 0
26100 446 1
31000 988 0
15400 852 1
22300 956 0
18200 233 0
20500 151 1
17600 578 1
15400 852 0
27000 915 0
14900 677 1
32300 955 1
16500 288 1
15800 132 1
31200 135 0
32200 720 1
27500 987 1
31400 116 0
12600 437 1
27100 504 0
27700 969 0
30300 105 1
18300 196 1
24800 805 1
17500 349 0
25800 334 1
32500 445 0
32500 445 0
25100 746 1
15800 132 1
28700 703 1
28400 629 1
18000 442 1
14400 900 1
22300 956 1
30600 369 1
13300 902 1
13100 947 1
23200 513 0
28500 852 1
22100 829 0
12100 370 0
28100 569 0
19100 771 1
29200 667 0
17600 578 1
20100 103 1
18200 233 1
30300 105 1
26300 734 0
22900 678 1
30300 105 1
22600 992 1
18200 233 1
26600 605 0
29000 242 1
19000 727 1
13800 259 1
17900 958 1
32600 841 1
30300 105 0
28100 569 1
18000 442 0
14900 677 0
21600 886 1
28800 645 1
19200 550 0
20400 645 1
32900 186 1
24900 635 1
30600 369 1
20800 962 0
16100 910 1
17100 345 0
15000 864 1
20000 231 1
12200 934 1
19400 471 0
13800 259 1
24600 234 1
15000 864 0
12900 871 0
15000 864 0
21800 150 1
31400 116 0
21400 563 0
25100 746 1
32800 670 0
47840 819 1
19900 188 0
16300 714 1
20900 476 0
23700 900 0
19000 727 1
24700 589 1
32100 951 1
22000 138 1
17600 578 0
31800 629 0
28500 852 1
33200 266 1
23100 284 1
28400 629 1
32500 445 0
26200 276 1
17400 832 0
18800 839 1
29700 213 0
18900 218 0
25600 763 0
27700 969 0
16200 599 1
17200 681 1
26500 891 1
33100 183 1
19500 720 1
19900 188 1
30000 570 1
26700 893 0
25900 582 0
18900 218 0
26400 720 1
18700 902 1
29600 515 0
31600 388 0
31100 915 1
29000 242 1
32900 186 1
21100 799 0
17900 958 1
24800 805 1
16900 612 0
25700 860 1
16700 537 1
18900 218 0
28400 629 0
26900 797 1
47840 819 0
25100 746 1
29400 590 1
19200 550 1
14900 677 0
31400 116 1
25200 570 1
24800 805 1
16500 288 0
18500 323 1
20900 476 0
25800 334 0
25800 334 0
18800 839 0
24000 813 1
14800 943 1
13600 531 1
32900 186 1
33000 944 1
15200 299 1
16700 537 0
12100 370 0
24400 398 1
25400 767 0
30800 504 1
26700 893 0
26100 446 1
24600 234 1
20900 476 0
20100 103 0
19700 905 1
28300 416 0
27600 459 0
19200 550 1
30100 319 0
14300 543 1
23400 685 0
13600 531 0
13100 947 0
23000 418 1
28700 703 1
26300 734 0
13500 912 0
13200 976 0
20200 143 1
22600 992 0
19200 550 1
27900 101 0
12400 444 1
24600 234 1
32500 445 0
27100 504 0
17000 962 0
12600 437 1
37917 794 0
16800 110 1
21000 586 1
19100 771 0
25200 570 1
19400 471 1
23000 418 1
20400 645 1
31000 988 1
15700 129 1
23600 920 1
15600 451 0
12100 370 1
14500 939 0
21700 307 0
51777 819 0
20200 143 1
25600 763 0
21700 307 0
15100 595 1
23700 900 1
28000 626 0
32200 720 0
22000 138 0
51777 819 1
15000 864 0
16100 910 0
12900 871 1
25900 582 1
25700 860 0
17600 578 1
18100 204 0
27200 251 1
27700 969 1
28200 438 1
16800 110 1
17600 578 1
14600 719 0
25400 767 1
31400 116 0
27100 504 1
18500 323 1
24800 805 1
31000 988 1
27300 996 0
31100 915 1
28900 133 0
30100 319 0
32200 720 1
32900 186 1
25500 807 1
26100 446 1
14200 951 1
24100 278 1
12700 877 1
28400 629 0
27600 459 1
27000 915 0
15700 129 1
14500 939 0
25400 767 1
17200 681 1
12600 437 1
20300 530 0
23600 920 1
13600 531 1
19300 140 1
17500 349 0
19100 771 1
15900 445 1
25800 334 1
29400 590 1
24500 831 0
19900 188 1
29000 242 1
32900 186 0
12900 871 1
23500 781 1
23900 797 1
25400 767 1
25300 289 1
51777 819 1
14100 701 0
23700 900 1
26700 893 1
23400 685 0
17700 125 0
29100 368 1
31700 282 1
17300 291 1
14900 677 1
21600 886 0
18400 711 1
22200 165 0
30300 105 0
13300 902 1
20500 151 1
23000 418 1
23300 606 1
14000 312 0
16700 537 0
19900 188 0
47840 819 0
30400 285 1
22900 678 1
28400 629 0
47840 819 0
12300 552 0
47840 819 0
31100 915 1
12900 871 1
20400 645 1
26900 797 1
17800 119 0
23500 781 0
21100 799 0
31200 135 0
29100 368 0
16100 910 1
16600 474 1
13700 116 1
25300 289 1
21600 886 1
23500 781 0
19900 188 1
29100 368 1
13100 947 0
17400 832 0
30100 319 0
32400 543 1
29200 667 1
21700 307 0
28900 133 1
31300 358 1
32500 445 1
16800 110 1
31000 988 1
16300 714 0
15600 451 1
28100 569 0
31400 116 0
17800 119 0
13400 457 1
30700 656 0
20400 645 1
31500 257 1
17800 119 1
16000 994 0
15100 595 0
23500 781 0
32300 955 0
32000 520 1
20500 151 1
33100 183 1
26800 500 1
21100 799 0
26000 687 0
31000 988 0
28300 416 0
29100 368 1
30400 285 1
21100 799 1
18900 218 0
24500 831 1
23300 606 0
26100 446 1
32900 186 1
30500 519 1
17700 125 0
24100 278 0
13000 149 1
22000 138 0
17500 349 1
22300 956 1
14700 216 1
19700 905 0
30300 105 1
29400 590 0
25300 289 1
26600 605 1
15500 989 1
19900 188 0
12200 934 1
31900 439 1
13700 116 1
22300 956 1
19200 550 1
18100 204 0
17600 578 1
51777 819 0
29200 667 0
30700 656 0
23600 920 0
15000 864 1
23400 685 0
17300 291 1
23900 797 1
17800 119 1
25500 807 1
17100 345 1
24500 831 0
29100 368 1
29300 552 0
25400 767 1
51777 819 1
28600 445 1
17000 962 1
31400 116 1
32800 670 1
17900 958 1
31000 988 1
32900 186 1
17500 349 1
27300 996 1
30900 388 1
51777 819 1
21600 886 0
22900 678 1
16500 288 1
14900 677 0
25000 331 0
15000 864 0
18600 370 1
19700 905 1
29700 213 1
15900 445 1
20000 231 1
17900 958 1
23400 685 0
25200 570 1
30700 656 1
29200 667 0
29500 468 0
25400 767 1
12900 871 1
16600 474 1
29300 552 1
31100 915 1
18700 902 0
31100 915 0
27900 101 0
26400 720 0
23600 920 1
22500 524 1
30500 519 1
31900 439 1
24300 463 0
22800 694 1
14700 216 1
25000 331 0
26200 276 0
28400 629 1
24000 813 0
14000 312 1
20600 108 1
27100 504 1
13900 977 0
25800 334 1
15700 129 1
17300 291 1
27400 942 1
20200 143 1
30200 278 1
15600 451 0
22300 956 0
20900 476 0
25700 860 0
24000 813 1
28500 852 1
23300 606 1
47840 819 0
31200 135 0
24100 278 1
12900 871 1
28500 852 1
20300 530 0
15900 445 0
25700 860 1
15200 299 0
32600 841 1
25000 331 0
21000 586 1
19000 727 0
12600 437 0
23500 781 1
19200 550 1
28200 438 1
26100 446 1
18200 233 1
30800 504 1
33100 183 1
19400 471 1
31900 439 0
33100 183 1
22400 940 1
29900 836 1
19900 188 1
18800 839 0
27400 942 1
13400 457 0
14900 677 1
17500 349 0
30500 519 1
29000 242 1
15300 569 0
13300 902 0
31700 282 1
21900 363 0
21200 931 0
12400 444 0
30800 504 1
29800 998 1
27400 942 1
16500 288 1
27900 101 0
37917 794 0
17200 681 0
25900 582 0
47840 819 0
22200 165 0
23500 781 1
32300 955 0
31900 439 0
22000 138 1
33100 183 1
25900 582 1
30800 504 1
28600 445 1
23000 418 1
29900 836 0
17000 962 1
19300 140 0
16900 612 1
20400 645 1
20700 264 1
32000 520 1
26000 687 1
16400 778 1
23000 418 0
19300 140 1
22300 956 1
16700 537 1
29300 552 1
17600 578 1
31300 358 1
29400 590 0
13300 902 1
31800 629 1
23300 606 1
26200 276 1
18400 711 0
32300 955 1
14500 939 0
27800 953 0
12600 437 1
23300 606 1
18800 839 0
17200 681 1
19000 727 1
12600 437 1
31800 629 1
18900 218 1
16100 910 1
25100 746 1
31600 388 1
29800 998 1
23800 523 0
21700 307 0
21000 586 0
26100 446 1
25500 807 0
20000 231 1
23900 797 0
31500 257 1
31600 388 0
24600 234 1
27600 459 1
21800 150 1
19900 188 1
22600 992 0
16700 537 0
26800 500 0
15900 445 0
24000 813 0
29200 667 0
14300 543 1
17500 349 1
18000 442 1
19500 720 1
18100 204 1
37917 794 0
13800 259 1
22000 138 1
24200 683 1
21000 586 0
22500 524 1
25500 807 1
29600 515 1
16700 537 1
17100 345 1
24200 683 1
17500 349 1
12100 370 0
14300 543 0
25000 331 0
22200 165 1
13100 947 0
30500 519 1
25900 582 1
28000 626 1
21100 799 0
27900 101 0
25900 582 1
22800 694 1
14400 900 1
31200 135 0
23800 523 1
24900 635 1
29100 368 1
18500 323 1
26700 893 0
25500 807 1
25200 570 1
31600 388 1
26400 720 0
33000 944 1
23800 523 1
13600 531 1
32000 520 1
32400 543 0
26400 720 1
30500 519 1
27100 504 1
20700 264 1
12400 444 1
19400 471 1
33000 944 1
32700 205 1
19900 188 1
30600 369 0
13900 977 1
19600 198 0
29200 667 1
29400 590 1
21900 363 0
21400 563 1
14400 900 0
20100 103 1
24500 831 1
28400 629 0
17600 578 0
30900 388 1
17800 119 0
47840 819 1
24500 831 0
23200 513 0
19400 471 0
13500 912 0
32200 720 1
20700 264 1
20300 530 1
13100 947 0
47840 819 1
14600 719 0
21200 931 1
32700 205 1
51777 819 1
13200 976 1
12400 444 1
25000 331 1
21800 150 1
30000 570 1
29900 836 1
21100 799 0
28100 569 1
31600 388 0
12300 552 1
20900 476 1
28200 438 1
27100 504 0
24200 683 1
21100 799 1
29500 468 1
19800 626 1
28400 629 1
27500 987 1
32000 520 1
19900 188 1
20500 151 0
23900 797 0
27600 459 0
16900 612 1
28600 445 1
22900 678 0
26600 605 1
51777 819 0
12700 877 0
28000 626 1
17500 349 0
30200 278 1
29300 552 1
37917 794 0
29800 998 0
28400 629 0
27900 101 0
23600 920 0
16000 994 1
28100 569 1
22100 829 1
15300 569 1
25200 570 1
17700 125 1
31600 388 1
22700 483 1
29100 368 1
23900 797 1
21200 931 0
23300 606 1
19200 550 0
20100 103 1
31200 135 1
13500 912 0
26100 446 0
13000 149 1
31900 439 1
47840 819 0
14900 677 1
20500 151 1
16000 994 0
13700 116 1
21600 886 1
16400 778 0
28600 445 0
25800 334 1
29900 836 0
19300 140 1
32500 445 0
23000 418 1
28400 629 1
27500 987 1
19600 198 1
25800 334 1
23200 513 0
23800 523 1
22500 524 0
30900 388 1
29900 836 1
29400 590 1
24500 831 1
20500 151 0
31200 135 0
26800 500 1
20400 645 0
28300 416 0
27000 915 1
31900 439 1
25300 289 1
27700 969 1
30300 105 0
20700 264 1
16800 110 1
28600 445 0
13900 977 1
13600 531 1
13700 116 1
17900 958 1
26900 797 1
51777 819 1
18500 323 1
29300 552 1
30000 570 1
12700 877 1
19400 471 0
23500 781 1
51777 819 0
29600 515 1
51777 819 1
29700 213 0
26500 891 0
22900 678 0
14600 719 0
19800 626 1
30100 319 1
32700 205 1
23700 900 1
32500 445 1
28800 645 1
27100 504 1
24500 831 0
31400 116 1
30400 285 1
29000 242 0
51777 819 1
13900 977 1
23100 284 1
29000 242 0
30200 278 1
12200 934 0
51777 819 0
18400 711 1
14500 939 0
16800 110 0
23900 797 0
13300 902 0
29200 667 1
15900 445 1
32800 670 0
17000 962 1
22200 165 1
26000 687 0
24200 683 1
17100 345 0
21600 886 1
18700 902 1
13500 912 0
27000 915 1
13300 902 1
15400 852 0
22000 138 0
17900 958 0
19800 626 1
19800 626 0
25100 746 0
29300 552 1
31300 358 1
26400 720 0
17100 345 0
37917 794 0
29300 552 0
22500 524 0
22800 694 1
51777 819 0
18300 196 0
27200 251 0
21600 886 0
24300 463 1
23800 523 1
17300 291 0
24000 813 0
15500 989 0
20400 645 1
25700 860 1
23900 797 0
30500 519 1
29100 368 0
31300 358 1
14900 677 1
22200 165 0
19200 550 1
14900 677 0
26200 276 1
33200 266 1
14900 677 1
20100 103 1
14300 543 0
33000 944 1
20300 530 1
21000 586 0
30500 519 1
19100 771 0
33000 944 0
24400 398 1
32100 951 1
14300 543 0
29800 998 1
17100 345 0
23200 513 1
14000 312 1
19800 626 1
26000 687 1
20100 103 1
32000 520 0
29500 468 1
20200 143 0
14300 543 1
28300 416 0
14700 216 1
25700 860 1
23900 797 0
27800 953 1
25100 746 0
22500 524 0
28200 438 0
14700 216 1
14900 677 1
31300 358 1
15000 864 1
24500 831 1
31100 915 0
26600 605 1
16100 910 1
24700 589 1
26200 276 1
20900 476 1
27100 504 1
33100 183 1
16800 110 0
27300 996 1
21900 363 0
19700 905 1
18400 711 1
15700 129 0
17800 119 0
21200 931 1
31900 439 1
12800 503 0
14300 543 0
23700 900 1
24800 805 0
13300 902 1
24900 635 1
25300 289 1
18700 902 1
18300 196 1
19400 471 1
28600 445 1
21300 372 1
19900 188 0
19800 626 1
17500 349 0
20900 476 1
19000 727 0
47840 819 1
27200 251 1
21400 563 1
28200 438 1
15700 129 1
22000 138 1
26000 687 1
14300 543 0
24300 463 1
26400 720 1
22900 678 0
25400 767 0
26200 276 1
20100 103 1
18000 442 0
31500 257 1
25900 582 1
13700 116 1
12600 437 1
25900 582 0
27700 969 1
30000 570 0
22000 138 0
27900 101 0
20900 476 1
31600 388 1
15900 445 1
29700 213 0
32100 951 0
18200 233 1
17700 125 0
21700 307 1
16300 714 0
14400 900 0
26800 500 1
18400 711 0
32400 543 1
15200 299 0
13900 977 0
27200 251 1
30000 570 1
28400 629 1
37917 794 0
15700 129 0
21100 799 0
27200 251 0
22900 678 1
16000 994 1
13000 149 1
17800 119 1
13700 116 1
18100 204 0
23900 797 1
16800 110 1
31600 388 0
17100 345 1
27600 459 0
27300 996 1
12800 503 0
18000 442 1
22100 829 0
23300 606 0
21900 363 0
31000 988 1
25900 582 0
26800 500 1
23000 418 1
19700 905 1
32700 205 0
29500 468 1
18800 839 0
18600 370 0
19600 198 0
23900 797 1
31500 257 0
17900 958 1
20500 151 0
28200 438 0
29200 667 1
16400 778 1
30000 570 1
22100 829 0
30900 388 1
20100 103 1
32800 670 1
29500 468 1
17000 962 1
31400 116 1
23200 513 0
21100 799 1
29600 515 0
29300 552 1
31500 257 1
32500 445 1
14900 677 1
26100 446 0
47840 819 1
31000 988 1
26700 893 0
24200 683 0
16200 599 1
14500 939 1
25800 334 1
30500 519 1
33100 183 0
14800 943 1
19500 720 1
13800 259 1
27000 915 0
28100 569 0
18600 370 1
28100 569 0
12800 503 1
17200 681 1
22400 940 1
16500 288 1
13000 149 0
27600 459 1
17500 349 1
16200 599 0
29300 552 1
24100 278 1
29800 998 1
14200 951 1
13600 531 1
33000 944 1
20800 962 1
15500 989 0
22100 829 1
27400 942 0
12700 877 0
26400 720 1
21400 563 1
26600 605 1
29300 552 0
17700 125 1
12200 934 1
22800 694 1
23000 418 1
31700 282 1
16700 537 1
24800 805 1
28600 445 1
25300 289 0
25500 807 1
21000 586 0
18900 218 1
13800 259 1
21900 363 1
32300 955 0
13500 912 1
31600 388 1
12100 370 1
32600 841 0
31300 358 0
23400 685 1
21600 886 1
27000 915 1
37917 794 0
32800 670 1
31300 358 1
28500 852 1
28400 629 1
12400 444 1
29300 552 1
25000 331 0
21200 931 0
14900 677 0
14000 312 0
14000 312 0
17700 125 1
29600 515 0
19600 198 0
25500 807 0
15900 445 1
15000 864 1
18900 218 1
13800 259 1
25800 334 0
26600 605 1
30900 388 1
19800 626 0
33000 944 0
17100 345 1
15100 595 0
19600 198 1
31500 257 1
30200 278 1
28600 445 1
17200 681 1
14200 951 1
51777 819 1
29900 836 1
32000 520 1
18000 442 1
31500 257 0
15500 989 0
30100 319 1
20600 108 1
29700 213 1
29000 242 0
22800 694 1
47840 819 0
15300 569 1
25600 763 1
13900 977 1
28900 133 0
28400 629 1
21800 150 1
18500 323 1
30600 369 1
24500 831 1
31100 915 0
27900 101 1
27100 504 1
28800 645 1
30600 369 1
32700 205 1
19400 471 0
26100 446 1
29200 667 1
13300 902 1
32500 445 1
47840 819 0
19400 471 0
17500 349 1
20700 264 1
14600 719 1
15900 445 0
21000 586 1
26600 605 0
23400 685 0
27000 915 0
21400 563 1
23100 284 0
17100 345 0
32900 186 1
24300 463 1
12900 871 1
12800 503 1
13500 912 0
23900 797 1
25800 334 0
21400 563 1
22400 940 1
26400 720 1
21900 363 1
24300 463 0
16400 778 0
26200 276 0
19200 550 1
32000 520 1
30500 519 1
30700 656 0
30400 285 0
27000 915 1
28200 438 0
12700 877 1
31700 282 1
16700 537 1
17600 578 0
12300 552 0
23600 920 0
12300 552 1
26200 276 1
29400 590 1
13100 947 1
25400 767 1
23700 900 1
30700 656 1
27200 251 1
12700 877 0
33000 944 1
32700 205 0
33200 266 1
31700 282 1
15500 989 1
22800 694 1
47840 819 0
30800 504 0
17400 832 0
16100 910 0
33100 183 0
27600 459 1
17400 832 1
13700 116 0
12800 503 0
22500 524 0
14500 939 1
28700 703 0
18700 902 1
32300 955 0
24000 813 1
23700 900 1
22900 678 1
19100 771 1
17600 578 0
24600 234 0
24500 831 1
24900 635 1
16300 714 0
28800 645 1
32600 841 1
20700 264 1
18900 218 1
28200 438 0
25100 746 1
16400 778 1
28800 645 0
32800 670 0
24600 234 1
47840 819 1
27400 942 1
31000 988 1
14400 900 1
13100 947 1
32300 955 1
12200 934 1
17300 291 1
29200 667 1
22500 524 1
29000 242 1
22900 678 0
13500 912 0
15300 569 0
32500 445 1
29400 590 1
18300 196 1
19000 727 0
26500 891 1
32600 841 1
28800 645 1
16600 474 1
28300 416 1
29600 515 1
17200 681 1
14000 312 1
32100 951 1
28600 445 1
21500 107 1
16300 714 1
12600 437 1
29800 998 0
26900 797 1
30600 369 1
13600 531 0
29400 590 1
17800 119 0
22800 694 1
32400 543 1
30800 504 1
15900 445 1
24000 813 0
13200 976 0
20300 530 0
26900 797 1
28300 416 0
25900 582 1
14000 312 0
21400 563 1
17200 681 1
14200 951 1
19000 727 0
13200 976 1
29500 468 1
16700 537 0
13700 116 0
16600 474 0
29900 836 1
33000 944 0
17000 962 1
12200 934 1
31300 358 1
26500 891 0
28800 645 1
26200 276 1
19300 140 1
29700 213 1
22700 483 1
16600 474 1
25400 767 1
32700 205 1
22100 829 1
13000 149 0
29800 998 1
30200 278 1
30400 285 1
21900 363 0
27900 101 0
20000 231 1
31200 135 1
17200 681 1
13900 977 1
18500 323 1
15800 132 1
28900 133 1
28900 133 0
33000 944 1
25700 860 0
26300 734 1
17000 962 1
31800 629 0
18800 839 0
29500 468 1
21600 886 1
27500 987 1
18600 370 1
19500 720 1
24500 831 1
32300 955 1
16300 714 1
22300 956 1
25400 767 1
27700 969 0
16600 474 1
25100 746 1
21400 563 0
31000 988 0
17100 345 1
29700 213 1
47840 819 0
12800 503 0
16400 778 0
24100 278 0
14400 900 1
23400 685 0
12300 552 1
27300 996 0
18400 711 1
12700 877 1
21100 799 0
18600 370 1
21200 931 1
21100 799 1
31600 388 1
17900 958 1
28600 445 1
25900 582 1
25400 767 1
29100 368 1
23600 920 0
25700 860 1
32700 205 1
24100 278 0
23200 513 0
29200 667 1
18200 233 1
18100 204 0
25400 767 1
23900 797 1
32200 720 1
15800 132 1
29100 368 1
14200 951 1
51777 819 1
31700 282 1
25700 860 0
27900 101 0
20800 962 1
21100 799 0
23800 523 1
28700 703 0
27300 996 1
16300 714 1
28900 133 1
19000 727 0
30700 656 1
29100 368 1
15000 864 1
31000 988 1
21000 586 0
29100 368 0
25600 763 1
33200 266 1
29200 667 0
32800 670 1
12100 370 0
29200 667 1
31700 282 0
15300 569 1
22300 956 1
12600 437 0
12600 437 1
30200 278 0
25500 807 1
28800 645 1
47840 819 1
22200 165 1
25100 746 0
23300 606 0
25900 582 0
18600 370 0
13900 977 0
25600 763 1
21000 586 1
19000 727 1
29800 998 0
19200 550 0
15300 569 1
17600 578 0
15300 569 1
25900 582 0
30800 504 1
22400 940 1
26800 500 1
28000 626 1
16700 537 0
19800 626 1
22300 956 1
29300 552 0
20100 103 0
29300 552 1
28300 416 1
19600 198 1
24900 635 1
26400 720 0
26700 893 1
25700 860 1
28300 416 0
30100 319 0
27300 996 1
24300 463 1
13400 457 0
16200 599 1
20200 143 1
18000 442 1
14000 312 1
13100 947 1
32400 543 0
32000 520 1
27400 942 0
18100 204 0
27300 996 1
16100 910 1
18900 218 1
15000 864 0
27500 987 0
29400 590 1
18200 233 1
26700 893 1
27700 969 0
14300 543 0
15700 129 1
32600 841 1
51777 819 0
20000 231 1
20500 151 0
28700 703 0
12800 503 1
16700 537 1
19300 140 1
27900 101 1
21100 799 1
19300 140 1
17200 681 1
30500 519 0
26000 687 0
29500 468 1
16300 714 1
13700 116 0
17700 125 0
17200 681 1
19100 771 0
27600 459 1
32500 445 1
18900 218 1
25000 331 1
12400 444 1
15700 129 1
27300 996 1
16500 288 1
14300 543 0
27700 969 1
23600 920 1
15600 451 1
12600 437 1
13200 976 1
20800 962 1
13100 947 0
18900 218 1
25500 807 1
28300 416 1
32900 186 1
19400 471 0
47840 819 1
25300 289 1
16400 778 1
19500 720 0
18300 196 1
24300 463 0
21800 150 0
31000 988 1
13800 259 1
16900 612 1
27800 953 1
26800 500 1
19800 626 1
14300 543 1
25100 746 1
22800 694 1
28000 626 1
27100 504 0
24200 683 0
12600 437 1
12500 850 0
18600 370 0
30800 504 1
23500 781 0
24200 683 1
19800 626 1
32900 186 1
14300 543 1
28900 133 1
33000 944 0
19100 771 0
15700 129 0
14700 216 0
27800 953 1
32200 720 1
28100 569 1
19900 188 1
29400 590 1
25200 570 0
13000 149 1
16500 288 0
18500 323 1
30200 278 0
22500 524 1
16200 599 1
13300 902 1
19200 550 1
25900 582 1
24000 813 1
28000 626 0
32100 951 1
16000 994 0
31400 116 1
14100 701 1
25200 570 0
16600 474 0
16300 714 1
21000 586 0
15500 989 0
27900 101 1
13900 977 0
12100 370 1
29300 552 1
13900 977 1
25800 334 1
17900 958 1
21500 107 1
32300 955 1
28200 438 1
23200 513 0
12900 871 0
32700 205 1
13400 457 1
25500 807 0
31700 282 1
18800 839 0
18800 839 1
12900 871 1
47840 819 0
47840 819 0
12900 871 0
20200 143 1
14000 312 1
33000 944 1
30000 570 1
31300 358 1
31300 358 0
21400 563 0
14300 543 0
27000 915 1
22500 524 1
25300 289 1
20600 108 0
23800 523 0
27800 953 0
23300 606 0
23300 606 1
25400 767 0
29100 368 1
12800 503 0
18500 323 1
12600 437 1
14300 543 1
16600 474 1
27700 969 1
24200 683 1
20700 264 0
32700 205 1
15000 864 1
12900 871 1
28800 645 1
24000 813 0
17400 832 0
27600 459 1
23400 685 1
20700 264 1
23400 685 0
18300 196 1
30500 519 1
30600 369 1
15300 569 0
28200 438 0
14200 951 1
22100 829 0
23300 606 0
30200 278 1
32400 543 1
17000 962 1
13900 977 0
21300 372 0
16900 612 0
32800 670 1
15500 989 1
20300 530 0
32200 720 1
31300 358 1
22000 138 0
20200 143 0
15700 129 1
31400 116 1
18300 196 1
31000 988 1
12500 850 0
26200 276 0
14200 951 1
12100 370 1
28600 445 1
28800 645 1
30200 278 0
25400 767 1
14600 719 1
29700 213 1
17900 958 1
12700 877 1
21500 107 0
17900 958 1
29300 552 0
19300 140 1
23600 920 1
31800 629 1
30600 369 0
20700 264 0
24900 635 0
20100 103 1
26300 734 1
23700 900 1
16800 110 1
20100 103 1
20100 103 1
27200 251 1
31700 282 1
14700 216 0
21600 886 0
16000 994 0
17900 958 1
15800 132 0
20700 264 0
28300 416 0
23500 781 1
27900 101 0
28200 438 1
19800 626 1
23700 900 0
26800 500 1
17500 349 1
12100 370 1
25600 763 1
20900 476 0
26000 687 1
23000 418 1
32900 186 1
20700 264 1
19100 771 0
17200 681 1
32100 951 0
12500 850 0
29000 242 1
32100 951 0
32700 205 0
12700 877 1
22800 694 1
17800 119 1
27300 996 0
23500 781 1
23600 920 1
28600 445 1
18500 323 1
14900 677 0
23400 685 0
15900 445 1
24100 278 1
23200 513 0
29300 552 0
20200 143 1
31400 116 0
23600 920 1
12500 850 0
51777 819 1
32300 955 1
25400 767 1
17200 681 1
12700 877 0
16000 994 0
15100 595 1
28300 416 1
13400 457 0
18600 370 1
12400 444 1
26600 605 1
23200 513 0
27600 459 0
27000 915 0
25400 767 0
29600 515 0
19600 198 0
27000 915 0
24000 813 1
25900 582 1
30100 319 0
19600 198 0
20500 151 0
15400 852 0
29400 590 1
15500 989 1
24600 234 0
19000 727 1
18200 233 1
15600 451 0
30700 656 0
32700 205 1
26200 276 1
17000 962 0
20300 530 1
47840 819 1
47840 819 1
23800 523 1
27900 101 0
22500 524 1
26600 605 1
19300 140 0
30200 278 1
18100 204 1
21400 563 0
30100 319 1
22900 678 0
18600 370 1
15900 445 1
16900 612 1
13300 902 1
25800 334 1
16800 110 1
12200 934 1
26400 720 1
19000 727 1
15300 569 1
26500 891 1
29900 836 1
21500 107 1
16100 910 0
30600 369 1
20900 476 1
33000 944 1
31800 629 1
24400 398 0
12200 934 1
16900 612 0
15800 132 1
30800 504 1
21500 107 0
22800 694 1
15700 129 1
23700 900 1
14000 312 0
22300 956 1
32600 841 1
32700 205 1
17300 291 1
17300 291 1
18900 218 1
29100 368 1
24200 683 1
18100 204 0
20200 143 0
17200 681 1
20100 103 1
13100 947 0
18300 196 1
25600 763 1
30000 570 0
29000 242 0
19200 550 0
32500 445 1
25800 334 1
21100 799 1
26900 797 1
16100 910 0
31200 135 1
13100 947 1
51777 819 0
23500 781 1
32200 720 1
30400 285 0
27200 251 1
30400 285 1
28500 852 1
20700 264 1
25200 570 0
16100 910 1
29000 242 1
19100 771 0
13700 116 1
30800 504 0
15000 864 0
24300 463 0
27200 251 1
23200 513 0
22500 524 1
27500 987 0
26500 891 1
31200 135 1
13200 976 1
25900 582 1
21700 307 1
31500 257 0
28400 629 1
30900 388 1
12200 934 1
20400 645 0
23100 284 0
28300 416 1
29600 515 0
16600 474 1
12500 850 0
22400 940 1
15400 852 1
14800 943 1
15000 864 1
33200 266 0
12400 444 0
22900 678 1
23200 513 0
18400 711 0
27300 996 0
24500 831 1
29000 242 0
14000 312 1
27300 996 0
16000 994 0
18200 233 0
13600 531 1
26500 891 1
19400 471 0
20000 231 0
32800 670 1
19800 626 1
15500 989 1
25300 289 1
32100 951 1
24800 805 1
21100 799 0
13300 902 1
20600 108 1
20100 103 0
24500 831 1
15300 569 0
30800 504 1
26300 734 1
22400 940 0
13900 977 0
14900 677 0
17200 681 1
12800 503 1
12400 444 1
14000 312 0
16400 778 0
25800 334 1
26700 893 0
28500 852 1
32400 543 1
30200 278 1
22600 992 0
19400 471 1
19000 727 1
25900 582 1
30300 105 1
12400 444 1
28400 629 1
24800 805 0
16600 474 0
29500 468 0
15700 129 1
18000 442 1
20600 108 1
18600 370 1
20500 151 1
22900 678 1
20900 476 1
29700 213 1
16400 778 1
30100 319 0
31900 439 1
12200 934 1
15000 864 1
17100 345 0
22200 165 1
12200 934 1
21900 363 1
18400 711 0
22800 694 1
14300 543 1
19800 626 0
28100 569 1
28300 416 1
15500 989 1
25300 289 1
14900 677 0
21300 372 1
31700 282 1
20500 151 1
25300 289 1
23300 606 1
20100 103 1
20900 476 0
19100 771 1
21000 586 1
47840 819 1
18700 902 1
33000 944 1
32900 186 0
12400 444 1
47840 819 0
14900 677 1
33000 944 1
24600 234 1
26900 797 1
20100 103 1
23900 797 1
27500 987 0
26400 720 1
24000 813 1
19800 626 1
20000 231 1
30300 105 1
13000 149 0
26700 893 1
20700 264 0
15400 852 0
26000 687 0
23200 513 1
32100 951 0
13900 977 1
30700 656 0
13300 902 1
18200 233 1
13800 259 0
26400 720 0
31200 135 1
14000 312 1
28500 852 0
12500 850 1
12600 437 1
16200 599 1
12900 871 1
18800 839 0
13800 259 1
31300 358 0
28700 703 1
17100 345 1
16300 714 1
51777 819 1
25100 746 1
32200 720 0
47840 819 1
16800 110 1
27800 953 1
24500 831 1
14100 701 1
25800 334 1
13900 977 0
18700 902 0
25200 570 1
22800 694 1
28800 645 1
28800 645 1
21900 363 0
31600 388 1
22000 138 1
23600 920 1
12200 934 0
29900 836 1
32000 520 1
14400 900 0
14500 939 0
15800 132 1
14900 677 0
31700 282 1
18800 839 0
15600 451 0
25200 570 0
18700 902 0
21300 372 1
12600 437 1
19000 727 1
21500 107 1
22800 694 1
51777 819 1
23400 685 1
17800 119 1
27700 969 0
28900 133 0
21100 799 1
31700 282 1
24100 278 1
27700 969 1
29700 213 1
24300 463 1
26600 605 1
24900 635 1
23900 797 1
47840 819 1
24700 589 0
29800 998 1
15800 132 1
28500 852 1
22200 165 1
28200 438 1
16900 612 1
32000 520 1
24900 635 1
15600 451 0
15500 989 1
27900 101 1
31800 629 0
14800 943 1
29400 590 0
13000 149 0
18600 370 0
13900 977 0
12700 877 0
21400 563 1
17500 349 0
19500 720 1
18300 196 1
24100 278 0
28100 569 1
47840 819 0
15800 132 0
28300 416 0
25200 570 0
18700 902 1
22700 483 1
30200 278 1
17500 349 1
22600 992 1
20300 530 1
22100 829 1
32500 445 0
29700 213 0
30400 285 1
30300 105 1
15700 129 1
32500 445 1
31500 257 1
23400 685 1
25800 334 1
18100 204 1
27700 969 0
32500 445 1
22700 483 1
21800 150 0
20800 962 1
12700 877 1
15000 864 0
17100 345 0
29300 552 1
31600 388 1
16100 910 0
31800 629 0
30400 285 1
15300 569 1
24800 805 0
21300 372 1
27500 987 1
15200 299 0
13100 947 1
30700 656 1
28900 133 0
30800 504 1
14600 719 1
31600 388 1
30000 570 0
23600 920 1
18300 196 0
20200 143 1
26000 687 1
26800 500 1
12900 871 0
23000 418 0
15300 569 0
29200 667 1
19200 550 1
13200 976 1
18300 196 1
25000 331 1
31100 915 0
25100 746 0
26000 687 1
15700 129 1
27000 915 0
24700 589 1
13400 457 1
17300 291 1
32700 205 1
22300 956 1
15600 451 0
25300 289 0
30100 319 1
21100 799 0
31600 388 1
24900 635 1
22100 829 1
16200 599 1
28700 703 1
29100 368 1
19800 626 1
20000 231 1
32300 955 1
18500 323 1
29900 836 1
26600 605 1
12200 934 0
26600 605 1
13300 902 0
12900 871 0
13300 902 1
28000 626 0
12100 370 1
17900 958 1
24700 589 1
19800 626 1
18700 902 1
14100 701 0
16000 994 0
30400 285 0
16300 714 1
31500 257 1
16200 599 0
16200 599 1
19600 198 0
27100 504 0
23800 523 1
18100 204 0
25500 807 1
29300 552 0
28500 852 0
21800 150 1
25300 289 1
25500 807 1
25500 807 0
16700 537 0
17500 349 0
14600 719 1
27400 942 0
16100 910 1
20600 108 1
32800 670 1
22400 940 1
19200 550 1
26300 734 0
30500 519 1
15600 451 1
18600 370 0
14400 900 1
14000 312 1
26300 734 1
27000 915 1
19600 198 1
18300 196 1
16500 288 1
30800 504 1
27200 251 1
28800 645 1
29300 552 1
12200 934 1
31600 388 0
21700 307 1
31900 439 1
27400 942 1
27600 459 1
25200 570 0
24900 635 1
30600 369 1
24300 463 1
16300 714 1
28000 626 1
15100 595 0
29000 242 1
29500 468 1
14900 677 0
33200 266 0
33100 183 0
12400 444 1
13200 976 1
28600 445 1
32700 205 1
16600 474 0
15000 864 1
28200 438 0
19200 550 1
18700 902 1
27400 942 1
22400 940 0
24200 683 0
16400 778 1
30600 369 1
20400 645 1
25700 860 0
30000 570 1
21400 563 1
14000 312 1
30700 656 1
12600 437 1
25800 334 0
23300 606 1
13800 259 1
22000 138 1
15300 569 1
31200 135 0
17500 349 1
21700 307 0
32500 445 0
20900 476 1
18000 442 1
29900 836 1
22100 829 1
47840 819 0
21800 150 1
28800 645 1
14100 701 1
16400 778 0
26100 446 1
18200 233 0
21600 886 1
24600 234 1
20700 264 1
26400 720 0
47840 819 1
28700 703 1
21000 586 1
26500 891 1
21100 799 0
26500 891 0
25200 570 0
29000 242 0
26500 891 1
24600 234 1
14200 951 1
17900 958 1
13700 116 1
33000 944 1
33100 183 1
30300 105 1
12100 370 0
32600 841 0
30800 504 1
33200 266 0
18600 370 0
16700 537 1
30200 278 1
13400 457 1
12100 370 1
33100 183 1
22800 694 1
12200 934 1
23400 685 1
20400 645 1
24800 805 1
26500 891 0
12600 437 1
13000 149 1
18900 218 1
26500 891 0
20300 530 1
21400 563 0
23900 797 1
17400 832 0
28400 629 0
32900 186 1
25600 763 1
25100 746 1
28300 416 0
30400 285 1
22000 138 0
18500 323 0
25400 767 1
30300 105 1
25600 763 1
30300 105 1
24400 398 1
17500 349 1
26900 797 1
32100 951 1
13600 531 0
31200 135 0
21600 886 0
30200 278 1
24800 805 1
21100 799 1
15200 299 0
51777 819 1
15600 451 1
18200 233 0
15000 864 1
18700 902 1
14000 312 0
27400 942 0
20100 103 0
29500 468 1
18200 233 1
18300 196 0
24300 463 0
13300 902 0
22100 829 0
13100 947 1
23100 284 1
14200 951 0
13100 947 0
14200 951 0
23300 606 1
28900 133 0
17200 681 1
25700 860 1
25000 331 1
26100 446 1
32600 841 0
21800 150 1
31000 988 0
12800 503 1
15100 595 0
18500 323 1
27800 953 0
13300 902 1
17900 958 1
25300 289 1
22000 138 0
33100 183 1
21100 799 0
22700 483 1
29900 836 0
29100 368 1
23000 418 1
18200 233 1
20200 143 1
12500 850 1
32200 720 1
12700 877 1
19600 198 1
22700 483 1
23500 781 1
13100 947 1
14200 951 1
28700 703 1
23600 920 1
15200 299 1
23600 920 1
30200 278 1
26000 687 0
22500 524 1
21400 563 1
28500 852 1
13300 902 1
26700 893 1
21300 372 1
21500 107 1
14300 543 1
20800 962 1
24700 589 1
17200 681 1
30300 105 0
25700 860 0
32600 841 1
21800 150 0
29200 667 0
19700 905 0
20100 103 1
23600 920 1
31500 257 0
20400 645 1
23700 900 1
30900 388 1
28800 645 0
18500 323 1
28600 445 1
15500 989 0
20600 108 0
25600 763 0
22800 694 1
32500 445 0
33000 944 1
28800 645 1
29900 836 1
28600 445 1
32800 670 1
19300 140 0
30000 570 1
27900 101 1
23200 513 1
20900 476 1
26700 893 0
18600 370 0
12600 437 1
31000 988 1
12100 370 1
30500 519 1
14200 951 1
17800 119 0
26700 893 1
26800 500 0
17400 832 1
23300 606 0
21100 799 1
12500 850 1
32700 205 0
20100 103 1
23600 920 0
51777 819 0
25900 582 0
28600 445 1
27300 996 0
24900 635 0
15900 445 1
18100 204 1
51777 819 1
24000 813 1
30900 388 0
28700 703 0
23900 797 1
27700 969 1
30000 570 1
17000 962 1
26200 276 1
29500 468 1
12200 934 1
15100 595 1
30300 105 1
22700 483 1
23900 797 0
26300 734 0
20000 231 1
31900 439 1
22900 678 1
19200 550 1
26400 720 1
14700 216 0
17900 958 1
16400 778 0
24900 635 1
13400 457 1
21100 799 1
21900 363 1
29600 515 1
32200 720 1
17300 291 1
21300 372 1
25600 763 1
31000 988 1
15200 299 1
17200 681 0
23700 900 1
20600 108 0
17900 958 1
17800 119 1
24000 813 1
27800 953 1
21100 799 1
32100 951 0
31700 282 0
15800 132 0
29500 468 1
15600 451 1
12600 437 1
18500 323 1
13900 977 1
31500 257 1
27600 459 1
15600 451 1
24800 805 1
19600 198 0
18200 233 1
21100 799 0
33100 183 1
13200 976 1
51777 819 0
12900 871 1
22000 138 1
26300 734 1
32700 205 0
13900 977 1
25600 763 0
14500 939 0
17100 345 1
30900 388 1
30700 656 1
25700 860 1
25000 331 1
19800 626 1
30700 656 1
29400 590 1
14400 900 1
31200 135 0
21800 150 1
19600 198 1
16800 110 0
32500 445 1
19100 771 1
28700 703 1
18800 839 1
12900 871 0
22100 829 1
21200 931 0
25000 331 1
16000 994 1
15700 129 1
17200 681 1
23100 284 1
25300 289 0
31900 439 0
25800 334 0
28700 703 0
13000 149 1
14900 677 0
27300 996 0
31500 257 0
20600 108 0
30300 105 1
18600 370 1
28800 645 1
19100 771 1
37917 794 0
19400 471 0
32100 951 0
26300 734 1
13200 976 0
15900 445 1
16900 612 1
16800 110 1
27000 915 0
37917 794 0
18400 711 1
51777 819 1
24300 463 1
27900 101 0
20900 476 1
12200 934 1
21800 150 1
20700 264 1
20100 103 1
28200 438 0
18400 711 1
13200 976 1
17700 125 1
21800 150 0
25000 331 1
18300 196 0
17500 349 1
15400 852 1
30700 656 1
20000 231 1
20500 151 1
28500 852 0
23600 920 0
20500 151 1
30400 285 0
15400 852 0
21800 150 1
15200 299 1
32500 445 1
27300 996 0
19700 905 1
15200 299 1
24500 831 1
31300 358 0
18600 370 1
31400 116 1
28000 626 1
21400 563 0
23200 513 1
19900 188 1
32200 720 1
27300 996 0
23900 797 1
18700 902 1
19800 626 0
23500 781 0
30100 319 1
15100 595 0
14900 677 1
31700 282 0
28600 445 0
23100 284 1
21900 363 1
24700 589 1
25400 767 0
25000 331 1
22000 138 1
30000 570 1
17500 349 0
20800 962 1
28600 445 1
47840 819 0
18100 204 1
19200 550 1
30100 319 1
25900 582 1
29700 213 1
18400 711 1
17800 119 1
29800 998 1
26200 276 1
22800 694 1
20100 103 1
32500 445 1
17800 119 1
26300 734 1
23400 685 1
27800 953 1
27700 969 1
33100 183 1
18200 233 0
15600 451 0
22500 524 1
31000 988 1
17700 125 1
12200 934 1
13800 259 1
15500 989 0
23100 284 0
26200 276 1
25800 334 0
21000 586 1
32100 951 0
27800 953 0
25500 807 1
31200 135 1
24900 635 1
22500 524 1
16300 714 0
17900 958 1
17500 349 1
26900 797 0
32400 543 1
14900 677 0
28600 445 1
24000 813 1
16900 612 1
21300 372 0
32000 520 0
28300 416 1
32300 955 1
25800 334 1
32600 841 1
33100 183 1
15700 129 1
24200 683 1
19800 626 0
19500 720 1
14700 216 1
30300 105 1
31500 257 1
25000 331 0
29500 468 1
19000 727 1
12900 871 1
14200 951 1
28300 416 1
27000 915 0
32900 186 1
31100 915 0
20500 151 1
22300 956 1
20700 264 0
27900 101 1
21300 372 1
14000 312 1
15600 451 0
14700 216 1
26800 500 0
22200 165 1
16100 910 1
27700 969 1
13300 902 1
18000 442 0
30500 519 1
24400 398 0
17000 962 1
30500 519 1
27900 101 1
19100 771 1
12200 934 1
21300 372 1
25800 334 1
26200 276 1
25400 767 1
32100 951 1
20300 530 1
12700 877 1
26800 500 0
27200 251 1
32400 543 1
23900 797 1
12200 934 1
22100 829 1
29800 998 1
25100 746 1
27000 915 1
20400 645 0
32100 951 1
29300 552 1
25600 763 1
24300 463 1
31400 116 0
13600 531 1
25800 334 1
24400 398 1
25700 860 1
14700 216 1
21700 307 0
27600 459 0
51777 819 1
13400 457 0
15800 132 0
30200 278 1
13700 116 1
13000 149 1
22800 694 1
22700 483 1
14000 312 1
21900 363 1
25900 582 0
27600 459 1
29900 836 1
13100 947 1
24400 398 0
19400 471 1
21800 150 0
21000 586 1
32600 841 1
18400 711 1
20100 103 0
20200 143 1
25900 582 1
19300 140 0
13000 149 0
37917 794 0
28900 133 1
27300 996 1
27500 987 1
23100 284 1
25300 289 1
24600 234 0
20300 530 1
51777 819 1
29100 368 0
18800 839 1
17800 119 1
26300 734 1
17100 345 0
16700 537 1
25500 807 1
21800 150 1
51777 819 0
31000 988 1
25300 289 1
37917 794 0
15500 989 1
16800 110 1
26000 687 0
51777 819 1
27000 915 1
31300 358 1
26000 687 0
17100 345 0
12300 552 0
20300 530 1
17300 291 0
18200 233 1
28600 445 1
27900 101 1
15000 864 0
12800 503 0
16200 599 0
13100 947 1
14800 943 1
23600 920 1
21000 586 1
17800 119 0
27600 459 1
29000 242 1
17600 578 1
15000 864 0
29300 552 1
16600 474 0
28400 629 1
28800 645 0
19300 140 0
20900 476 1
21600 886 1
18800 839 1
16000 994 0
12500 850 1
14600 719 0
32300 955 0
12500 850 1
31200 135 0
33200 266 1
22800 694 0
23400 685 1
15600 451 1
14100 701 1
26100 446 1
16500 288 1
17000 962 1
21500 107 1
13600 531 0
13100 947 1
21600 886 1
33200 266 1
13800 259 1
29200 667 1
17500 349 1
23000 418 1
26400 720 0
19400 471 0
27800 953 0
31100 915 1
27400 942 1
28400 629 1
15200 299 0
18600 370 1
12300 552 0
14000 312 1
18700 902 1
23300 606 1
27200 251 1
12900 871 1
12700 877 1
20900 476 1
16300 714 1
14400 900 0
23300 606 1
27700 969 1
26400 720 1
18100 204 1
14200 951 0
17900 958 1
19300 140 1
30600 369 1
30800 504 0
32400 543 1
22200 165 1
14500 939 0
16300 714 0
15600 451 1
32600 841 1
51777 819 1
25200 570 1
30000 570 1
32900 186 1
27600 459 1
32900 186 1
23000 418 0
23700 900 1
21100 799 1
27500 987 1
21300 372 1
13300 902 1
26500 891 1
18500 323 0
29700 213 1
28100 569 1
24400 398 1
14900 677 1
12700 877 1
19200 550 1
23800 523 0
17500 349 1
20900 476 1
30000 570 1
19200 550 1
21200 931 1
24300 463 1
20500 151 0
27400 942 1
16800 110 1
28900 133 1
30300 105 1
27200 251 1
33000 944 1
18700 902 1
14400 900 1
37917 794 0
27500 987 0
21000 586 0
25300 289 1
21700 307 1
15300 569 1
15400 852 0
20600 108 1
21900 363 0
31400 116 0
13400 457 0
22100 829 1
28400 629 0
28800 645 1
29400 590 1
31100 915 0
30700 656 0
12600 437 1
26800 500 0
29100 368 1
30800 504 0
51777 819 0
15300 569 1
30500 519 1
18600 370 1
15200 299 0
25200 570 1
20600 108 1
30500 519 0
15300 569 0
30300 105 0
19300 140 0
14600 719 1
15900 445 0
26400 720 1
21400 563 0
29800 998 0
16200 599 0
24800 805 0
30100 319 0
25000 331 1
20200 143 0
26700 893 1
31500 257 0
26000 687 0
27900 101 1
16300 714 1
18300 196 1
28400 629 1
18700 902 1
16800 110 0
27200 251 1
14200 951 1
13000 149 0
12600 437 1
16300 714 1
17500 349 1
12200 934 1
13700 116 1
20300 530 1
20200 143 1
24000 813 1
12900 871 0
31500 257 1
13300 902 1
19800 626 1
12800 503 1
21300 372 1
30700 656 1
15300 569 0
24500 831 1
28600 445 1
16800 110 1
27500 987 0
21500 107 1
32200 720 1
30700 656 1
22600 992 1
15200 299 1
24400 398 1
15600 451 1
27000 915 1
25100 746 0
27900 101 1
21200 931 1
31300 358 1
51777 819 0
19100 771 1
31800 629 1
12600 437 0
23400 685 0
22600 992 1
27200 251 1
17300 291 1
25600 763 1
15800 132 1
22900 678 1
16300 714 1
17600 578 0
19000 727 1
29400 590 0
31700 282 1
26100 446 1
26300 734 1
13900 977 0
17500 349 1
26900 797 1
26000 687 0
32900 186 1
22700 483 1
29400 590 1
16700 537 1
24500 831 1
15300 569 1
17700 125 0
14400 900 1
20300 530 1
28400 629 0
22900 678 1
23300 606 0
14400 900 1
12600 437 0
14500 939 1
21600 886 1
51777 819 0
15400 852 0
30600 369 1
18400 711 1
12200 934 1
24000 813 0
33200 266 1
19200 550 0
19000 727 0
23300 606 0
28100 569 0
31200 135 1
26600 605 1
19400 471 1
22200 165 1
23900 797 1
16500 288 1
24600 234 0
32600 841 0
31400 116 1
25300 289 1
16500 288 0
12700 877 1
37917 794 0
16900 612 1
15000 864 1
14500 939 0
23200 513 0
47840 819 0
26200 276 1
17700 125 1
19000 727 0
28100 569 1
20000 231 0
19800 626 1
16200 599 1
22000 138 1
22600 992 1
21000 586 0
18600 370 0
28400 629 0
23000 418 1
29100 368 1
31700 282 1
28600 445 1
12400 444 1
20200 143 0
24600 234 1
26100 446 1
21900 363 1
19200 550 0
27100 504 1
26900 797 1
23900 797 1
25100 746 1
19200 550 1
23300 606 1
24600 234 0
18800 839 1
20500 151 1
21100 799 0
22700 483 1
19400 471 1
22800 694 1
16900 612 1
30500 519 1
12300 552 1
22200 165 1
25700 860 1
20900 476 1
22200 165 1
12900 871 1
13000 149 1
29900 836 0
32600 841 1
27900 101 1
26200 276 0
31900 439 1
24800 805 1
12300 552 0
19800 626 1
30200 278 1
22300 956 0
13100 947 1
23000 418 1
19600 198 1
20100 103 0
28200 438 1
15300 569 1
29200 667 1
29800 998 0
15300 569 1
32700 205 1
18700 902 0
25100 746 0
24200 683 0
16800 110 1
33100 183 1
28200 438 1
12700 877 1
25700 860 0
17600 578 1
31200 135 0
29900 836 0
12700 877 1
29400 590 0
27800 953 1
17900 958 1
30900 388 1
22800 694 0
15500 989 1
13500 912 1
30300 105 1
17500 349 0
15400 852 0
32900 186 1
32400 543 0
23200 513 1
29700 213 0
26000 687 0
23900 797 1
28500 852 0
33100 183 0
51777 819 1
18600 370 0
13200 976 1
12500 850 0
22100 829 0
17900 958 1
24600 234 0
28500 852 0
12400 444 1
26000 687 1
29200 667 1
16500 288 1
21900 363 1
21500 107 0
20800 962 1
27800 953 1
23900 797 1
13500 912 1
30300 105 1
28800 645 0
15600 451 0
14500 939 1
16200 599 1
32600 841 0
17100 345 1
21300 372 1
33000 944 1
25100 746 1
19100 771 1
21700 307 1
31200 135 1
31200 135 0
13300 902 1
16500 288 1
24700 589 0
18000 442 0
14500 939 1
20100 103 1
13800 259 1
21800 150 0
12900 871 0
12200 934 0
13700 116 1
19600 198 0
17000 962 1
19800 626 0
16600 474 1
26800 500 1
31300 358 0
19400 471 1
14800 943 1
17600 578 1
15800 132 0
17400 832 0
27300 996 1
30900 388 1
13400 457 0
22400 940 1
27400 942 1
32100 951 1
14500 939 1
22300 956 1
32200 720 1
12700 877 0
37917 794 0
14500 939 1
27000 915 1
15500 989 1
24200 683 1
16700 537 1
27300 996 0
27800 953 1
29600 515 0
16300 714 1
21300 372 1
26700 893 1
18200 233 1
14700 216 1
13900 977 1
32600 841 0
22700 483 1
23400 685 1
13600 531 1
37917 794 0
24900 635 0
17000 962 1
25600 763 0
31200 135 1
29900 836 0
28200 438 1
21600 886 1
17400 832 1
22500 524 0
20900 476 0
13300 902 1
18700 902 1
22000 138 1
18800 839 0
17300 291 1
30700 656 1
26800 500 1
24900 635 1
13700 116 1
31400 116 0
26000 687 1
20200 143 1
22000 138 0
14600 719 0
21500 107 0
15500 989 1
25500 807 1
13900 977 1
13800 259 0
13600 531 0
20200 143 0
17300 291 1
27200 251 1
25700 860 0
19000 727 1
25900 582 0
31500 257 1
19000 727 1
14100 701 1
19400 471 0
12400 444 0
15700 129 0
29300 552 0
30000 570 0
32200 720 1
15900 445 0
15400 852 1
25500 807 1
31500 257 1
27600 459 1
17100 345 1
24800 805 0
14800 943 0
32400 543 0
28500 852 0
16900 612 1
28300 416 1
28200 438 0
12400 444 0
25400 767 1
26700 893 1
29800 998 0
51777 819 1
47840 819 0
20900 476 1
13200 976 1
24000 813 1
13900 977 1
30700 656 1
37917 794 0
32500 445 1
24900 635 1
13200 976 1
13700 116 1
25800 334 1
17400 832 1
24200 683 1
15700 129 1
28400 629 1
12600 437 1
21900 363 0
21000 586 1
15000 864 0
16000 994 0
20200 143 0
15800 132 1
32500 445 0
18900 218 1
19000 727 0
21500 107 1
19700 905 1
16900 612 1
17200 681 1
47840 819 1
30300 105 0
12900 871 1
17400 832 0
24300 463 1
22700 483 1
23000 418 1
30500 519 0
26200 276 0
30300 105 1
28400 629 0
18500 323 1
26700 893 0
22800 694 1
27600 459 0
18500 323 1
16500 288 1
21900 363 1
15300 569 0
19000 727 1
32400 543 0
12800 503 1
12100 370 0
24000 813 1
22600 992 1
30100 319 1
23800 523 1
19500 720 1
24400 398 0
22800 694 0
23800 523 1
20200 143 1
22500 524 0
13500 912 1
30000 570 1
25000 331 0
17000 962 1
31900 439 1
32600 841 1
14300 543 1
16400 778 1
31900 439 1
22800 694 1
31300 358 0
20500 151 0
25400 767 1
20800 962 0
23300 606 1
32700 205 1
27600 459 0
47840 819 0
28400 629 1
28500 852 1
19500 720 1
22100 829 0
26300 734 0
30900 388 1
32000 520 1
20500 151 0
16700 537 0
33100 183 1
37917 794 0
33200 266 1
18800 839 1
13800 259 1
24700 589 1
12200 934 1
27300 996 1
25900 582 0
25100 746 0
22500 524 0
25600 763 0
17300 291 1
22700 483 1
25700 860 1
24200 683 1
29500 468 1
21900 363 1
25500 807 1
18100 204 0
19300 140 0
22400 940 0
22200 165 1
24000 813 1
47840 819 1
30200 278 0
31800 629 1
26600 605 0
17500 349 1
20400 645 1
21700 307 1
18500 323 0
25900 582 1
21200 931 1
29600 515 0
21400 563 0
19900 188 0
25100 746 1
32400 543 1
32100 951 1
29600 515 1
28800 645 0
18000 442 0
24900 635 0
12100 370 0
23400 685 1
16500 288 0
18100 204 1
13200 976 0
21400 563 1
19100 771 1
24500 831 1
13700 116 1
18200 233 1
25900 582 1
19700 905 0
33200 266 0
30800 504 0
33200 266 1
26700 893 1
12900 871 0
31300 358 0
25000 331 1
19200 550 0
27700 969 0
19900 188 1
24500 831 1
19000 727 0
25300 289 0
20900 476 1
27900 101 0
31400 116 1
12100 370 0
26200 276 1
17300 291 1
29200 667 0
22100 829 0
31800 629 1
15300 569 0
17200 681 0
14800 943 1
20500 151 1
31100 915 1
17000 962 1
22500 524 1
32600 841 0
18100 204 0
19900 188 1
18300 196 1
13700 116 1
33100 183 0
14300 543 1
23100 284 0
17700 125 1
24100 278 0
25200 570 1
13700 116 1
32000 520 0
18700 902 1
19000 727 1
29600 515 1
24700 589 0
26100 446 1
26100 446 0
16700 537 1
32000 520 1
24000 813 1
23300 606 0
27600 459 1
20300 530 0
16100 910 1
24000 813 1
18000 442 1
12300 552 1
17600 578 1
25300 289 1
16300 714 0
32400 543 1
28200 438 0
32600 841 0
16100 910 0
18100 204 1
23600 920 1
17300 291 1
12100 370 1
31700 282 1
29200 667 1
26300 734 1
31400 116 1
20000 231 1
28800 645 0
29400 590 1
13400 457 1
31100 915 1
17400 832 0
47840 819 1
24500 831 0
12600 437 0
18900 218 1
21500 107 1
12500 850 1
21800 150 1
16000 994 0
18300 196 1
22300 956 1
16300 714 0
16300 714 1
20100 103 1
28200 438 1
26100 446 0
25700 860 1
17100 345 1
29900 836 0
25200 570 1
24600 234 1
12800 503 1
28400 629 0
28200 438 1
22000 138 0
26500 891 1
17000 962 1
18200 233 0
24800 805 1
15400 852 1
31800 629 0
30000 570 0
21900 363 0
30500 519 1
14100 701 1
28100 569 0
26800 500 0
29200 667 0
18600 370 1
24500 831 0
25200 570 0
12100 370 0
19800 626 1
19900 188 1
18600 370 1
28700 703 1
22500 524 0
30300 105 1
23300 606 1
25000 331 1
15200 299 1
20100 103 1
24800 805 1
13400 457 1
18300 196 1
26400 720 1
15300 569 1
23000 418 0
19700 905 1
13000 149 0
18200 233 1
15900 445 1
22400 940 1
15300 569 1
15900 445 1
25400 767 1
26900 797 1
26800 500 1
14400 900 0
17100 345 0
51777 819 0
17100 345 0
13000 149 1
16600 474 0
29400 590 1
20400 645 1
28100 569 0
22500 524 0
29500 468 0
25800 334 1
14900 677 1
29700 213 0
14700 216 1
29600 515 0
12100 370 1
23000 418 1
26900 797 1
18100 204 1
30900 388 1
30800 504 0
30900 388 0
29000 242 0
24100 278 1
30000 570 1
17200 681 0
15500 989 0
27700 969 1
32200 720 0
30100 319 0
29900 836 0
31400 116 1
24800 805 0
23100 284 0
27400 942 1
21600 886 0
29800 998 0
12600 437 1
24400 398 1
27900 101 0
24800 805 0
20500 151 1
13400 457 0
32700 205 0
31300 358 1
20700 264 1
28600 445 1
17000 962 1
30900 388 0
25500 807 0
14900 677 1
51777 819 0
47840 819 0
17500 349 1
29500 468 1
18700 902 0
29100 368 0
12700 877 1
29600 515 1
16300 714 0
15600 451 1
16300 714 1
23900 797 0
21800 150 0
51777 819 0
12600 437 1
14700 216 0
14900 677 1
29000 242 1
24900 635 0
24300 463 0
18600 370 0
20400 645 1
22300 956 1
12500 850 1
21800 150 0
26200 276 0
31700 282 1
32600 841 1
18200 233 0
19800 626 0
16700 537 1
23600 920 1
16800 110 0
25100 746 1
18600 370 1
20100 103 0
26600 605 0
32100 951 1
33000 944 1
30300 105 1
28000 626 1
16600 474 0
31000 988 0
14900 677 0
19900 188 1
30500 519 1
18500 323 0
24600 234 1
29300 552 1
17900 958 1
14300 543 1
13900 977 1
25600 763 1
20000 231 1
24400 398 1
30000 570 1
23200 513 1
29200 667 1
31500 257 1
13700 116 0
30200 278 1
19900 188 1
28700 703 0
30300 105 1
12100 370 0
19100 771 1
21900 363 0
13600 531 0
16600 474 0
30700 656 0
21400 563 1
32800 670 1
18900 218 1
37917 794 0
29600 515 1
15500 989 1
16200 599 1
24000 813 1
19600 198 1
29300 552 1
12300 552 1
30000 570 1
19100 771 1
21000 586 0
23100 284 1
21100 799 1
23800 523 1
20300 530 0
22600 992 1
24000 813 1
24700 589 0
18200 233 0
26400 720 1
18300 196 1
31900 439 0
25700 860 0
32400 543 1
15800 132 0
17200 681 1
24100 278 1
20700 264 0
23500 781 0
29100 368 1
22800 694 0
12300 552 1
31200 135 1
22200 165 1
17000 962 1
20300 530 0
25800 334 1
16400 778 1
15700 129 1
26700 893 1
16300 714 1
23600 920 0
18700 902 1
27400 942 1
13800 259 0
16500 288 1
20200 143 0
16500 288 1
18600 370 1
16100 910 1
31500 257 1
23700 900 1
29500 468 1
51777 819 1
15300 569 0
31900 439 0
14900 677 1
32000 520 0
25500 807 0
16100 910 1
22700 483 1
30000 570 1
19700 905 0
47840 819 0
37917 794 0
18700 902 0
14200 951 0
32400 543 1
25600 763 0
20200 143 0
15800 132 1
31200 135 1
25000 331 1
21400 563 1
21600 886 1
29200 667 1
25800 334 1
16600 474 1
32900 186 0
29200 667 1
23000 418 1
17300 291 0
17500 349 0
13500 912 1
30700 656 1
24000 813 1
19000 727 1
51777 819 1
21900 363 1
19600 198 1
16900 612 1
27000 915 0
12800 503 1
20600 108 1
32400 543 1
13800 259 1
51777 819 1
14100 701 1
22400 940 1
19100 771 0
31300 358 1
20200 143 1
21200 931 1
29500 468 1
22100 829 1
31500 257 1
23100 284 1
27500 987 0
21400 563 0
18100 204 1
15400 852 0
31400 116 0
20700 264 1
20700 264 0
27200 251 1
25900 582 0
47840 819 0
32900 186 0
19400 471 1
22000 138 1
19700 905 0
18000 442 0
20700 264 1
30200 278 1
25000 331 1
20500 151 1
21300 372 1
12700 877 1
13000 149 1
32500 445 1
29400 590 1
21500 107 0
32000 520 0
29300 552 1
22000 138 1
19300 140 0
19000 727 1
33000 944 0
26600 605 1
25100 746 0
18900 218 0
13500 912 1
29300 552 1
17000 962 1
27800 953 1
27400 942 0
17700 125 0
26300 734 0
22400 940 1
26500 891 1
17000 962 1
29800 998 1
29300 552 1
21400 563 1
22300 956 0
31700 282 1
31100 915 1
18100 204 1
12800 503 0
22800 694 1
15200 299 1
27100 504 0
29800 998 0
21400 563 1
24600 234 1
24200 683 1
15000 864 1
24600 234 1
16500 288 1
23000 418 1
14200 951 1
20700 264 1
24600 234 1
18700 902 0
28000 626 1
30600 369 1
24100 278 1
30400 285 1
15900 445 1
26100 446 1
32500 445 0
19100 771 0
22900 678 0
26300 734 0
30100 319 0
17200 681 1
14600 719 1
16900 612 1
14000 312 1
19300 140 0
24000 813 1
15900 445 1
16300 714 1
12400 444 0
20000 231 1
28900 133 1
32800 670 1
31000 988 1
28700 703 1
15800 132 1
16000 994 1
15300 569 0
23700 900 1
26900 797 1
28500 852 0
30800 504 1
29200 667 1
12100 370 1
25900 582 1
16900 612 1
22800 694 1
16700 537 1
20300 530 1
30000 570 1
22300 956 0
47840 819 1
28600 445 1
21300 372 1
21200 931 1
18500 323 0
16200 599 0
22200 165 0
15800 132 1
23100 284 0
30700 656 0
15300 569 0
28700 703 1
16000 994 0
15900 445 1
31800 629 1
13300 902 1
27400 942 0
15500 989 1
21600 886 1
18000 442 1
32000 520 0
21900 363 1
14500 939 0
15000 864 1
24700 589 1
51777 819 0
31600 388 1
51777 819 1
14800 943 1
29100 368 0
22900 678 1
27500 987 1
47840 819 1
31800 629 1
22500 524 0
16000 994 1
14700 216 1
28200 438 1
22100 829 1
29000 242 1
13700 116 0
28500 852 1
30300 105 1
31600 388 1
27800 953 1
25300 289 1
26500 891 1
23600 920 1
30300 105 0
20000 231 1
12100 370 1
21100 799 1
22500 524 1
23800 523 1
12700 877 1
21500 107 1
19800 626 0
24000 813 1
16500 288 0
13700 116 1
37917 794 0
28300 416 1
29100 368 1
18200 233 0
13600 531 1
18800 839 1
17100 345 0
28300 416 1
51777 819 1
14200 951 1
31200 135 1
23700 900 1
13900 977 1
51777 819 0
23600 920 1
23000 418 1
29100 368 1
29900 836 1
22700 483 1
16000 994 1
26500 891 1
30500 519 0
26400 720 1
22200 165 1
37917 794 0
16900 612 1
24300 463 0
23500 781 1
26900 797 1
26900 797 0
27100 504 0
32300 955 1
18400 711 1
20200 143 1
23300 606 1
17400 832 0
16100 910 1
19600 198 1
21200 931 0
16300 714 1
29500 468 0
51777 819 1
22800 694 1
17100 345 0
30400 285 1
20700 264 0
30700 656 1
20400 645 0
12300 552 0
25400 767 1
31800 629 1
31500 257 1
20600 108 1
14600 719 1
51777 819 0
22700 483 1
16600 474 0
21900 363 1
30900 388 0
23400 685 0
14400 900 0
28300 416 1
26000 687 1
22200 165 0
30500 519 1
13200 976 1
27700 969 1
16000 994 0
13000 149 1
21400 563 1
25200 570 1
14000 312 0
19700 905 0
21900 363 0
16200 599 1
16400 778 1
17500 349 1
25000 331 0
25200 570 0
24400 398 1
29500 468 0
24100 278 1
13600 531 0
21900 363 1
19400 471 1
24500 831 0
15800 132 0
26300 734 0
12400 444 0
23900 797 1
18600 370 1
19600 198 0
22000 138 0
33200 266 1
24300 463 0
16400 778 1
23200 513 1
33000 944 0
31700 282 0
15700 129 1
22700 483 1
26800 500 1
31400 116 0
25200 570 1
16600 474 0
21500 107 0
27900 101 1
25500 807 1
21200 931 1
12600 437 1
31600 388 0
18700 902 0
25900 582 1
20300 530 1
22300 956 1
18300 196 1
15000 864 1
22300 956 1
26200 276 1
29700 213 1
15300 569 0
24000 813 0
15600 451 1
21800 150 0
27100 504 0
17300 291 1
20600 108 1
29400 590 0
18400 711 0
32400 543 0
32500 445 1
18200 233 1
19400 471 1
19400 471 0
22600 992 1
14100 701 1
20600 108 0
27300 996 0
25700 860 1
21500 107 0
12400 444 0
29400 590 1
32700 205 1
13400 457 1
32400 543 1
24800 805 1
18900 218 1
17900 958 1
24500 831 1
16200 599 0
25800 334 1
27200 251 0
22500 524 0
25600 763 1
26500 891 1
14900 677 0
32300 955 1
25600 763 0
13000 149 1
17600 578 1
30600 369 0
14900 677 0
25800 334 1
15200 299 1
15200 299 1
12900 871 0
24400 398 1
32600 841 0
18500 323 0
22100 829 1
15100 595 1
22500 524 1
31100 915 1
37917 794 0
14200 951 0
14500 939 0
27600 459 1
27300 996 1
22800 694 0
24200 683 0
28500 852 0
27100 504 1
33000 944 1
28000 626 1
30900 388 1
12500 850 1
14200 951 0
26200 276 0
26900 797 1
20000 231 1
20300 530 1
27500 987 1
27000 915 1
31900 439 1
26400 720 1
30400 285 1
20100 103 0
19900 188 0
14000 312 1
19500 720 1
13900 977 1
17800 119 1
26500 891 1
25300 289 0
30300 105 0
32000 520 1
15600 451 1
31100 915 1
23500 781 1
15300 569 0
18600 370 1
23000 418 1
47840 819 0
25500 807 1
23400 685 1
28400 629 1
26100 446 0
26200 276 1
22300 956 1
23800 523 1
28900 133 1
17100 345 1
16800 110 1
15100 595 1
16900 612 1
25200 570 1
17700 125 1
30200 278 1
25000 331 0
19900 188 0
30800 504 1
32000 520 1
32500 445 1
25800 334 1
31900 439 1
31100 915 0
25800 334 0
14400 900 1
21500 107 0
28000 626 0
30600 369 1
33100 183 1
28200 438 1
23900 797 0
21900 363 1
17800 119 1
19400 471 0
31300 358 1
14800 943 1
32800 670 1
31800 629 1
27400 942 1
27000 915 0
12300 552 1
18500 323 1
18200 233 1
15400 852 1
22900 678 0
30400 285 1
28900 133 1
32700 205 0
23000 418 1
15700 129 0
22700 483 1
27700 969 1
29400 590 0
29800 998 1
16800 110 1
27800 953 1
28000 626 1
20800 962 0
29200 667 1
32900 186 1
18600 370 0
16500 288 0
28700 703 1
14700 216 1
31600 388 0
14500 939 0
15900 445 0
24800 805 1
17700 125 1
13800 259 0
22200 165 0
22300 956 1
19800 626 1
25800 334 0
22600 992 1
30200 278 1
32100 951 1
26700 893 0
12300 552 1
17000 962 1
26800 500 1
17900 958 1
51777 819 1
25300 289 1
20800 962 1
27200 251 1
13100 947 1
20600 108 1
47840 819 1
32300 955 1
13300 902 0
30800 504 1
14500 939 0
16100 910 1
23900 797 1
21100 799 1
19300 140 1
15900 445 0
14600 719 1
28700 703 1
16100 910 1
25500 807 0
23900 797 0
31800 629 0
15700 129 0
19000 727 0
22700 483 0
12400 444 1
23300 606 0
19900 188 0
18200 233 1
20400 645 1
12600 437 1
15100 595 1
14900 677 1
21800 150 1
17700 125 1
33000 944 1
31900 439 0
28500 852 1
27200 251 1
29500 468 1
14700 216 1
25600 763 1
13700 116 1
24600 234 0
18300 196 1
26800 500 1
27700 969 0
32200 720 0
24800 805 1
27300 996 1
33100 183 1
26000 687 1
24900 635 0
26800 500 1
23700 900 1
16800 110 1
51777 819 1
17300 291 1
23400 685 1
19700 905 1
30900 388 0
15100 595 1
29600 515 1
25800 334 0
18000 442 0
15900 445 1
21300 372 1
23100 284 1
28000 626 0
25100 746 0
15900 445 1
19900 188 1
29500 468 1
37917 794 0
21700 307 1
16600 474 1
32900 186 1
23900 797 1
17500 349 1
13900 977 1
18400 711 0
21300 372 0
15600 451 1
25900 582 1
18200 233 1
17700 125 0
31300 358 0
13700 116 1
15900 445 1
13000 149 0
22800 694 1
27800 953 0
31600 388 1
27000 915 1
30400 285 0
15400 852 1
22100 829 1
21600 886 0
12400 444 1
26900 797 0
29300 552 1
22700 483 1
23000 418 1
24500 831 1
28100 569 1
25700 860 1
24100 278 1
17300 291 0
19500 720 1
15400 852 1
16700 537 0
27400 942 1
30400 285 1
32100 951 1
22500 524 1
16600 474 1
25000 331 0
18600 370 1
47840 819 0
24000 813 1
27600 459 0
30100 319 0
20200 143 0
20600 108 1
18700 902 1
32900 186 1
23100 284 1
27000 915 1
26600 605 0
21100 799 0
22900 678 0
32800 670 1
28200 438 1
33000 944 0
29000 242 0
23200 513 0
32000 520 1
15900 445 1
13300 902 1
32600 841 1
18200 233 1
29000 242 0
28100 569 1
26200 276 0
25400 767 1
27500 987 1
21500 107 1
17900 958 1
25700 860 0
13400 457 1
29200 667 1
28000 626 0
32900 186 1
13000 149 1
37917 794 0
23100 284 1
25300 289 1
20400 645 0
32200 720 1
28200 438 0
13700 116 1
30600 369 0
28400 629 1
27500 987 1
29900 836 0
28200 438 1
17100 345 1
30700 656 0
31000 988 1
24200 683 1
22900 678 0
25800 334 1
32500 445 1
24100 278 1
47840 819 0
31600 388 1
25100 746 1
28200 438 1
17400 832 0
29300 552 1
37917 794 0
18700 902 0
32500 445 0
17400 832 0
25800 334 0
14200 951 1
23200 513 0
30200 278 1
33000 944 1
33200 266 1
19100 771 1
22600 992 0
18700 902 0
13400 457 1
13100 947 0
29500 468 1
12500 850 1
18500 323 0
21300 372 1
24800 805 1
15500 989 0
13400 457 1
29300 552 1
14700 216 1
31400 116 1
29900 836 1
18200 233 1
32100 951 1
16800 110 0
33200 266 1
14600 719 1
19800 626 0
17600 578 1
25000 331 1
15900 445 1
13700 116 0
24000 813 1
23800 523 1
30700 656 0
24500 831 1
12500 850 1
20800 962 0
14500 939 0
16500 288 1
32900 186 1
22900 678 1
30400 285 1
27700 969 0
13800 259 0
13700 116 1
17800 119 0
32200 720 1
13100 947 1
47840 819 1
29000 242 1
29700 213 1
19800 626 1
12500 850 0
33000 944 0
24500 831 1
24700 589 1
33200 266 0
16200 599 1
26600 605 0
51777 819 0
16500 288 0
30500 519 0
16300 714 1
28500 852 0
28500 852 1
27100 504 1
25000 331 0
33200 266 1
30000 570 1
14000 312 1
29500 468 0
22400 940 0
13100 947 1
20500 151 0
21000 586 1
29300 552 1
13000 149 0
19200 550 1
21300 372 0
24500 831 0
25800 334 1
32100 951 0
16000 994 1
30100 319 1
14300 543 1
21200 931 1
14100 701 1
20400 645 0
16100 910 1
18700 902 1
47840 819 1
28300 416 0
15700 129 1
15900 445 0
31600 388 0
25000 331 0
15700 129 0
24700 589 1
24500 831 1
23800 523 1
29400 590 0
29600 515 1
27900 101 1
27100 504 1
33100 183 1
20500 151 1
27700 969 1
13200 976 1
23200 513 1
20100 103 1
29100 368 1
17800 119 0
19100 771 1
20500 151 1
13900 977 0
17300 291 1
26100 446 1
30000 570 1
30300 105 0
32000 520 1
29200 667 1
17400 832 1
32100 951 0
25100 746 1
12200 934 0
27300 996 0
26100 446 1
21700 307 0
24400 398 1
14900 677 1
18800 839 1
28800 645 1
23700 900 1
30500 519 1
33200 266 1
20000 231 0
25400 767 1
16600 474 1
27500 987 0
28500 852 0
33100 183 1
27700 969 1
32500 445 0
25500 807 1
12600 437 0
19000 727 1
18200 233 1
14200 951 0
22000 138 0
19400 471 1
22100 829 0
21500 107 1
22900 678 1
31300 358 1
18300 196 1
17600 578 0
20600 108 1
13200 976 1
23900 797 1
20400 645 0
19300 140 1
22500 524 1
19400 471 0
21700 307 1
31200 135 0
32500 445 1
20000 231 1
23800 523 1
13000 149 0
14600 719 1
17400 832 0
26600 605 1
13400 457 1
31300 358 1
13900 977 0
12700 877 1
30900 388 1
22200 165 1
23100 284 1
12400 444 1
20600 108 1
14000 312 1
29600 515 0
25900 582 1
16700 537 1
32400 543 0
30800 504 0
27600 459 1
31400 116 1
17200 681 1
17700 125 1
24000 813 1
22500 524 0
27000 915 1
31900 439 1
33200 266 1
27100 504 1
31400 116 1
21300 372 1
17600 578 1
24800 805 1
30700 656 1
20500 151 1
22700 483 0
25000 331 0
24500 831 0
27700 969 0
24200 683 0
25300 289 0
29700 213 0
17500 349 1
27700 969 1
14900 677 0
15400 852 1
29900 836 1
20800 962 1
24500 831 1
15400 852 0
13900 977 0
13100 947 1
24900 635 0
21700 307 1
18800 839 0
27300 996 1
30800 504 1
17500 349 1
51777 819 0
23800 523 1
14700 216 0
16400 778 1
28900 133 1
17100 345 1
27300 996 0
26000 687 0
26700 893 1
30800 504 1
15000 864 1
20200 143 1
24300 463 1
32200 720 1
29400 590 1
17500 349 0
20200 143 1
16900 612 1
24400 398 0
14600 719 0
13100 947 1
14100 701 1
22800 694 1
17500 349 0
16500 288 1
26400 720 1
17700 125 1
18200 233 0
22400 940 1
23900 797 1
12800 503 0
30700 656 1
17900 958 1
30400 285 0
22000 138 0
18600 370 0
17100 345 1
20300 530 1
15500 989 1
18900 218 1
22200 165 0
32000 520 1
30900 388 0
27300 996 0
25100 746 0
22500 524 1
26300 734 1
19700 905 0
24200 683 1
21400 563 1
29200 667 1
24200 683 0
26500 891 1
27600 459 1
17300 291 1
14400 900 0
18500 323 1
20300 530 0
30900 388 0
25500 807 1
27300 996 1
16700 537 0
17800 119 1
20000 231 1
22500 524 1
27400 942 0
28900 133 1
28800 645 0
30900 388 1
18500 323 1
23300 606 1
27500 987 0
12500 850 1
26700 893 1
31500 257 0
29800 998 1
31000 988 0
32500 445 0
28400 629 0
12300 552 1
19300 140 1
19100 771 1
24100 278 0
14600 719 1
20200 143 1
22200 165 1
28300 416 1
14000 312 0
30600 369 0
21900 363 1
29800 998 0
18800 839 0
15100 595 0
21100 799 1
23700 900 1
21000 586 0
14300 543 1
26900 797 1
15300 569 1
13100 947 0
25600 763 1
30100 319 0
31200 135 1
15400 852 1
28600 445 1
31500 257 1
16800 110 1
19900 188 1
16000 994 1
12900 871 0
13400 457 0
27600 459 1
23700 900 0
12900 871 0
12500 850 1
19400 471 1
21300 372 1
22500 524 1
27400 942 1
26300 734 0
16300 714 1
16500 288 1
18900 218 0
20600 108 0
15500 989 1
17700 125 1
47840 819 1
21200 931 0
15400 852 0
14300 543 1
26300 734 1
20200 143 1
19300 140 1
29800 998 1
22400 940 1
32000 520 0
20300 530 1
18000 442 1
12200 934 0
22200 165 0
29200 667 1
15300 569 0
17000 962 1
31300 358 1
13000 149 1
37917 794 0
23000 418 1
26900 797 1
25500 807 1
15600 451 1
14100 701 1
12700 877 1
16200 599 0
24100 278 0
19700 905 0
17500 349 1
21500 107 0
27400 942 1
20400 645 1
14100 701 0
27200 251 1
27700 969 1
19600 198 1
26200 276 0
31600 388 1
30900 388 0
31600 388 1
17000 962 1
23700 900 1
29800 998 1
19700 905 0
33000 944 1
27700 969 1
17900 958 0
18000 442 1
20000 231 1
29400 590 0
13800 259 1
32000 520 1
32600 841 1
27200 251 0
25100 746 1
23700 900 1
23000 418 0
21700 307 1
28400 629 1
16900 612 1
51777 819 0
13300 902 1
22800 694 0
16100 910 1
27700 969 1
29300 552 0
12600 437 1
23700 900 1
29500 468 1
27700 969 1
15700 129 1
15500 989 0
29000 242 1
27200 251 1
12100 370 1
14700 216 0
25500 807 1
21300 372 1
25300 289 1
32000 520 1
51777 819 0
27400 942 0
20300 530 0
16000 994 1
24100 278 1
28500 852 1
13500 912 1
26500 891 1
30900 388 1
32300 955 1
14700 216 1
22300 956 0
18900 218 1
17400 832 1
30200 278 1
22200 165 1
15600 451 1
30600 369 0
19900 188 1
31400 116 1
28500 852 1
17600 578 0
28900 133 1
17600 578 1
14800 943 1
14300 543 1
37917 794 0
20300 530 0
18000 442 1
24800 805 1
15900 445 1
14000 312 1
19600 198 1
13000 149 1
16300 714 0
13400 457 0
16300 714 0
24400 398 0
29900 836 1
18400 711 0
30400 285 1
31800 629 0
27800 953 1
20500 151 1
14300 543 1
29300 552 0
51777 819 1
16500 288 1
22500 524 1
21800 150 0
12700 877 1
30400 285 1
32400 543 1
15300 569 1
22100 829 1
30200 278 1
13100 947 1
25000 331 1
19300 140 1
32000 520 1
20300 530 0
30600 369 1
17700 125 1
32000 520 1
20900 476 0
27700 969 0
27500 987 0
14500 939 1
31200 135 1
31400 116 1
20700 264 1
17600 578 1
21900 363 1
14900 677 0
27000 915 1
24300 463 0
21100 799 1
32800 670 0
30000 570 0
15500 989 1
31400 116 1
18500 323 1
26800 500 1
27000 915 1
22700 483 0
28700 703 1
32400 543 1
24400 398 0
14500 939 1
21000 586 1
20900 476 1
28400 629 0
30300 105 1
19600 198 0
19000 727 0
17900 958 0
19900 188 1
20000 231 1
30400 285 1
32600 841 0
16500 288 1
51777 819 0
15200 299 1
28900 133 0
15300 569 0
30500 519 1
25100 746 1
16800 110 1
28600 445 1
27700 969 0
24700 589 1
31800 629 1
26400 720 1
21100 799 1
25700 860 1
22000 138 1
15300 569 1
24600 234 1
17300 291 1
27900 101 1
22800 694 1
21700 307 0
12800 503 1
27000 915 0
12300 552 1
30800 504 1
25600 763 1
27900 101 0
26900 797 1
15500 989 1
13300 902 0
15700 129 1
31500 257 1
24400 398 0
13300 902 0
32300 955 1
28300 416 1
14200 951 1
28500 852 1
51777 819 1
24900 635 0
15200 299 1
26100 446 0
25000 331 1
30400 285 0
27700 969 1
28200 438 1
51777 819 0
47840 819 0
20300 530 0
23500 781 1
28700 703 1
12800 503 1
24000 813 1
12500 850 1
32500 445 1
17700 125 0
26800 500 1
12500 850 1
23900 797 1
27000 915 0
19100 771 1
21700 307 1
17300 291 0
16500 288 0
19500 720 1
14900 677 1
27900 101 1
26400 720 0
19400 471 0
18600 370 1
19400 471 1
17100 345 0
25700 860 1
22100 829 1
17200 681 0
30900 388 1
32200 720 1
13800 259 1
21500 107 1
16900 612 0
29500 468 1
25300 289 1
20600 108 1
21700 307 1
22400 940 1
22900 678 0
23900 797 1
20000 231 1
26100 446 1
20800 962 1
22300 956 0
24300 463 1
16600 474 1
16600 474 1
29700 213 1
30300 105 0
21000 586 0
47840 819 1
24900 635 0
26200 276 1
18800 839 0
29800 998 1
15000 864 1
12100 370 1
15900 445 0
25000 331 1
19600 198 1
12200 934 1
23800 523 0
24900 635 0
30500 519 1
17100 345 0
15400 852 0
29800 998 0
31600 388 1
13200 976 1
28900 133 0
32400 543 1
30800 504 1
16100 910 1
22200 165 0
31200 135 1
20900 476 1
22000 138 1
24600 234 1
17700 125 0
15400 852 1
23200 513 1
13900 977 1
17500 349 1
23500 781 1
17000 962 0
27600 459 0
12400 444 0
32000 520 0
15600 451 0
31700 282 0
13300 902 0
29700 213 1
26100 446 1
18800 839 1
25200 570 1
19700 905 1
22600 992 0
14900 677 0
27400 942 1
26400 720 0
26200 276 1
18000 442 1
29300 552 1
26500 891 1
29000 242 0
16500 288 1
31500 257 1
27500 987 0
30500 519 1
18600 370 1
28500 852 1
26000 687 0
17100 345 1
31900 439 0
17300 291 1
27300 996 1
30700 656 1
18900 218 1
22600 992 1
23000 418 1
13800 259 0
15200 299 1
33000 944 1
27800 953 0
31200 135 0
30500 519 1
32000 520 1
29700 213 1
22700 483 1
16200 599 1
19600 198 1
37917 794 0
32100 951 1
29100 368 1
17100 345 1
32800 670 1
24100 278 1
24900 635 1
31300 358 1
24400 398 0
25700 860 1
47840 819 0
23200 513 1
51777 819 1
37917 794 0
19400 471 1
19900 188 1
37917 794 0
15500 989 1
32900 186 1
15300 569 1
32300 955 1
32600 841 1
26200 276 1
19200 550 1
47840 819 1
12500 850 1
47840 819 1
23000 418 1
12400 444 1
21400 563 1
28700 703 1
14400 900 1
26100 446 1
13800 259 0
16200 599 1
31000 988 1
17200 681 1
25300 289 1
27700 969 1
15200 299 1
12400 444 1
31400 116 0
18800 839 1
17600 578 1
32500 445 1
27100 504 0
17100 345 1
30800 504 1
18300 196 1
26900 797 0
26300 734 0
32900 186 1
12600 437 0
21800 150 1
12300 552 1
23200 513 1
16000 994 0
27800 953 0
19100 771 1
26800 500 1
31700 282 0
14700 216 0
25700 860 1
20000 231 0
27700 969 1
25900 582 1
14300 543 0
25600 763 1
28500 852 1
23800 523 1
12600 437 0
29400 590 1
20000 231 1
13600 531 1
30400 285 1
18700 902 1
17600 578 1
12300 552 1
31200 135 1
12800 503 1
27500 987 1
20000 231 1
29000 242 0
47840 819 1
24000 813 1
20900 476 0
29900 836 1
21200 931 1
12600 437 0
30800 504 0
20600 108 1
20800 962 1
21300 372 1
31200 135 1
30200 278 1
13400 457 1
22100 829 1
16200 599 1
14400 900 0
12100 370 1
30100 319 1
20000 231 0
29000 242 1
15600 451 1
23600 920 1
16400 778 1
29800 998 1
30400 285 1
24800 805 1
18300 196 0
19000 727 0
28500 852 0
14900 677 1
24100 278 1
32100 951 1
29400 590 1
20300 530 1
24000 813 0
31500 257 1
28600 445 1
24500 831 1
20100 103 1
18000 442 1
14000 312 0
30100 319 0
13600 531 1
18900 218 1
16400 778 1
17900 958 0
51777 819 0
12800 503 1
17800 119 1
19200 550 1
14100 701 0
14900 677 1
19000 727 1
16700 537 1
23800 523 0
27300 996 1
21500 107 0
15300 569 1
21200 931 0
26100 446 0
29900 836 1
17800 119 1
30600 369 1
32500 445 0
33100 183 1
30800 504 1
14800 943 0
32700 205 0
22800 694 0
21300 372 1
27900 101 1
21200 931 1
13300 902 1
20200 143 1
28200 438 0
19400 471 1
17600 578 1
24200 683 1
31800 629 1
47840 819 1
13600 531 0
21000 586 1
22600 992 1
16200 599 0
24600 234 1
24600 234 1
25300 289 1
30000 570 1
22200 165 0
19100 771 0
25000 331 1
18000 442 1
25200 570 0
17400 832 0
29700 213 0
23200 513 0
15200 299 1
25200 570 0
18700 902 1
28000 626 1
51777 819 1
15500 989 0
19000 727 1
19700 905 1
14700 216 1
19500 720 1
17400 832 1
23500 781 1
51777 819 0
23800 523 1
16800 110 1
20600 108 1
27400 942 1
18300 196 1
28200 438 1
13100 947 0
19600 198 1
32800 670 1
25000 331 0
13400 457 0
37917 794 0
28400 629 1
24400 398 1
21900 363 0
29400 590 0
31800 629 0
21100 799 1
33200 266 1
26500 891 1
26000 687 0
15200 299 1
17000 962 1
27300 996 1
12600 437 1
15300 569 1
26000 687 0
21200 931 1
30700 656 1
31400 116 1
13900 977 0
31200 135 1
17400 832 1
47840 819 0
15500 989 1
33000 944 1
31000 988 1
22100 829 1
24200 683 1
20600 108 1
18200 233 1
17700 125 0
31900 439 1
24000 813 1
18900 218 1
32500 445 0
25700 860 1
19100 771 1
17100 345 1
28400 629 0
15000 864 1
27200 251 0
16400 778 1
28600 445 0
13900 977 1
17900 958 1
28900 133 0
13500 912 1
31600 388 1
31700 282 1
32700 205 1
17000 962 0
25000 331 1
27600 459 0
19000 727 1
15400 852 1
17300 291 1
28200 438 1
16500 288 1
15500 989 0
18600 370 1
16500 288 0
24300 463 0
28500 852 0
31800 629 1
16100 910 1
28100 569 0
15500 989 1
26200 276 0
27300 996 1
22200 165 1
30300 105 0
27200 251 0
30300 105 0
15300 569 1
30800 504 0
30400 285 1
21500 107 0
25000 331 1
28900 133 1
26100 446 1
21600 886 1
18700 902 1
27700 969 1
13600 531 1
14500 939 1
51777 819 0
28900 133 0
27500 987 1
16200 599 1
24900 635 1
13000 149 0
15500 989 0
16400 778 1
23000 418 1
24400 398 1
20700 264 0
31500 257 1
30600 369 1
13400 457 0
16500 288 0
12800 503 1
13100 947 1
26000 687 1
30400 285 1
18400 711 0
21600 886 1
18700 902 1
25800 334 1
17700 125 1
21000 586 1
18000 442 0
30700 656 1
14800 943 0
21600 886 0
24400 398 1
27700 969 1
22700 483 0
21800 150 1
17300 291 1
19100 771 1
31300 358 1
15400 852 1
31300 358 1
12200 934 1
26500 891 1
16000 994 1
23600 920 0
32300 955 1
23200 513 1
21800 150 1
19300 140 1
23600 920 1
18000 442 1
17800 119 0
29400 590 1
20900 476 1
28600 445 0
31900 439 0
26500 891 1
13100 947 0
26400 720 1
13900 977 1
28200 438 0
21600 886 0
23500 781 0
31500 257 0
30400 285 0
28800 645 1
25100 746 1
17400 832 1
15100 595 0
26600 605 0
20800 962 0
28800 645 1
25900 582 1
25400 767 0
24600 234 1
28800 645 1
23300 606 1
14800 943 1
29500 468 1
16500 288 1
19000 727 1
29100 368 1
28500 852 1
13000 149 1
15900 445 1
16400 778 1
16300 714 1
23000 418 1
12100 370 1
21000 586 1
18600 370 0
16400 778 1
